公众号,标题,发布时间,链接,内容
腾讯科技,我和辛顿一起发明了复杂神经网络，但它现在需要升级｜Hao好聊 X AI先驱谢诺夫斯基,2025-12-12 18:09:04,http://mp.weixin.qq.com/s?__biz=Mjc1NjM3MjY2MA==&mid=2691562386&idx=1&sn=75ecd873cc6e7005d6008f34128ac46a&chksm=a9ec44499e9bcd5f7dc47088eab394e05d24d9c069d07d6bacdd6c22b68fa13f778fa4769d75#rd,"

![](https://mmbiz.qpic.cn/sz_mmbiz_jpg/ow6przZuPIF68LX2HFwgFKoR9b1ibXkuJ4RAjen4ER0CZe9cKvg7kJlFjqpdzR9ImubnJTuraJROXia2LoTvKK9A/640?wx_fmt=jpeg&from=appmsg)

文｜博阳

编辑｜徐青阳

1984年的一天，物理学家特伦斯·谢诺夫斯基和心理学家杰弗里·辛顿坐在实验室里，盯着黑板上的方程发呆。那是AI的第二个寒冬，神经网络陷入僵局。人们都知道多层网络更强大，但没人知道怎么训练它。 

“如果我们把神经网络想象成一团气体呢？”谢诺夫斯基突然说。

这个疯狂的想法最终变成了玻尔兹曼机，这是一个用统计物理学重新定义""学习""的数学模型。它证明了只要找到合适的能量函数，神经网络就能像气体从高温降到低温一样，自发地调整到最优状态。 

这成为现代深度学习的理论基石之一。

但两人后续的志趣却互相有所偏离。辛顿发现了更实用的反向传播算法，带领深度学习走出寒冬，最终迎来ChatGPT主导的AI时代。而谢诺夫斯基选择了回到神经科学实验室，用几十年时间解剖大脑的每一个回路，试图回答那个最初的问题：大脑究竟是如何工作的？

40年后，辛顿因玻尔兹曼机获得2024年诺贝尔物理学奖。他在颁奖典礼上自嘲：“我和特里原本以为我们会因为解释大脑而获奖，结果我们错了。但这对物理学奖来说也够格了。”

而83岁的谢诺夫斯基，依然在实验室里追问那个问题。

也许没有人比他更适合回答今天AI缺失的那些碎片。他见证了神经网络从“异端”到“改变世界”的全过程；他既懂物理学的简洁优雅，也懂生物学的复杂混沌；他和辛顿一起打开了AI的大门，又眼看着这扇门后的世界变得越来越陌生。

在他看来，现在ChatGPT能通过哈佛医学院的考试，却连“睡觉”都不会。

是的，睡觉。人类大脑在睡眠时会激活海马体整理记忆，会通过做梦演练各种可能性。ChatGPT一旦停止输入就彻底沉默，它没有海马体，没有基底神经节，甚至没有“自主生成的思想”。

而Transformer虽然强大，但只模拟了大脑皮层的一小部分功能，缺失了绝大多数关键结构。

它是一个智能碎片，能思考，但不会行动；能对话，但不会生存。 

在这次对话中，我们从历史、当下聊到未来，从这位AI先驱那里听到了关于智能本质的另一种答案：Transformer可能不是通往AGI的唯一路径。

这是一场关于物理学、神经科学与AI的深度对话，也是一次对""智能""本质的重新审视。

在这个AI狂飙突进的时代，谢诺夫斯基提醒我们：技术的进步可以很快，但对智能的真正理解，可能需要几代人的耐心。

| 本节目也有音频 |

![图片](https://mmbiz.qpic.cn/sz_mmbiz_png/ow6przZuPIF68LX2HFwgFKoR9b1ibXkuJPy0aHxBZB5E5OiclD5FA9icc4do7ORpOh7nDM1bsMbm5VhO4pficu0ibvA/640?wx_fmt=png&from=appmsg)

你可以通过小宇宙平台收听，欢迎关注我们。

**以下是《Hao好聊》与谢诺夫斯基的对话，经腾讯科技精编：**

**01**
------

**AI历史的起点，是把神经网络想象成一团气体**
-------------------------

**郝博阳：** 计算神经科学是现代AI的基石。在那个年代，您和辛顿是如何利用物理学思维，突破当时传统AI的局限，找到解释大脑核心逻辑的钥匙的？

**谢诺夫斯基：** 当我们开始职业生涯时，神经网络实际上还不是一个非常成熟的领域。

有一些先驱者，比如日本的斯里尼·甘姆里（Srini Amari），美国的杰克·科万（Jack Cowan），欧洲的克里斯托弗·冯德马尔斯堡（Christoph von der Malsburg）。所以只有少数几个人，我们对如何理解大脑有着相似的直觉。

至少我和杰弗里的方法是——**大脑极其复杂，从神经元组合在一起的复杂性以及它们如何通过突触相互通信的角度来看，其复杂度几乎是无限的。**

**但我们想要提取一般原理。**

这些原理与数字计算机非常不同。数字计算机有一个与处理单元分离的内存，然后有一系列指令按顺序执行。这就是冯·诺依曼架构。但大脑完全不同。它是大规模并行的，有很多处理单元（神经元）高度互连。

**当时的AI缺少一个部分，就是对于大脑而言很重要的学习能力。**当我们来到这个世界时，我们必须学习我们将要说的语言、文化以及世界如何运作。很早我们就会做这个事情，而且会在一生中持续做下去。

所以我们意识到，AI需要一个学习算法。 

**当时存在一个僵局，因为对于单层网络（称为感知器）有一个很好的学习算法，我们想将其推广到多层网络。这就是玻尔兹曼机的用武之地。**

我们将神经网络想象成一团气体。在物理学中，气体分子通过随机运动最终会达到一个能量最低的热平衡状态。我们想，如果把‘学习’定义为‘寻找能量最低状态’的过程是否有效？

**于是我们发现了一个简单的局部规则。让网络在“看到数据时”达到一个平衡，再让它在“没看数据（自由运行）时”达到另一个平衡。通过比较这两个状态下神经元活动的差异（相减），就能算出权重的调整方向。**

这就是玻尔兹曼学习算法。我们证明了这个原理。

当然，当时的网络按今天的标准来说非常小，但这是核心。

霍普菲尔德网络、玻尔兹曼机以及其他许多网络在那时正在起飞。所以那是一个非常激动人心的时期。

**02**
------

**AI的核心规律不是计算，而是学习**
--------------------

**郝博阳：** 您是否认为每一个大脑活动最终都可以简化为计算，比如玻尔兹曼机这种结构，它能否代表大脑的所有基本活动？ 

**谢诺夫斯基：** 计算是一个在物理学中找不到的概念。因为不需要。

在物理学中，有一个方程叫做哈密顿量，比如氢原子的方程。你分析这个方程，并将其与实验进行比较。但哈密顿量不会改变，你也不可能改变实际的物理学。据我们所知，它在整个宇宙中都是相同的。所以对我来说，这是一个新的概念。 

**但大脑能通过“学习”来修改自己的公式。**

**我们把物理学的能量方程引入AI，但允许AI通过经验来修改这个方程，这在当时是一个全新的概念——既不是纯粹的物理，也不是传统的计算。**

正是因为我们把物理学直觉引入了大脑研究，才打破了僵局。看看现在的NeurIPS 会议有多火爆，这就证明了当年我们把“物理学”和“计算”结合起来这条路，彻底走通了。

03 

**与辛顿的“分歧”与“共鸣”**
-----------------

**郝博阳：** 您和辛顿共同开发了玻尔兹曼机，但后来他走向了更偏向工程的“反向传播”算法，而您坚守在生物学领域。这种分歧背后的原因是什么？

**谢诺夫斯基：** 这实际上是我们合作的核心——我们有互补的背景。 

杰弗里的背景是计算机科学和心理学，他对这两个学科有非常深入的理解。我的背景是物理学和神经科学。

所以我们融合在一起，这就是玻尔兹曼机的来源。

**我们都确信玻尔兹曼机学习算法就是大脑的工作方式。原因是它是局部的。学习必须是局部的。**（这是因为在大脑中，一个神经元或突触只能感知到它直接连接的邻居，它无法像计算机那样拥有全局视角。）

**现在用于所有这些大型语言模型的“反向传播算法”不是局部的。**（它要求把最后的误差信号精确地传回前面的每一层，而大脑中并没有这种专门用来传递误差的反向线路）**所以显然这不是大脑学习的方式。**

辛顿沿着那条线继续前进。他与戴夫·鲁梅尔哈特（Dave Rumelhart）同时开发了反向传播学习算法，这在学习所需时间和网络规模方面效率要高得多。它可以很好地扩展。

你说得对，我专注于神经科学，我想了解大脑是如何工作的。但这些年来我们一直保持联系，我们是非常好的朋友。我们来回交流，当有新发现时——比如**辛顿在工程上发现了一种叫做 dropout（随机丢弃）的东西，如果你在学习过程中随机丢弃、关闭一些单元，你可以获得更高效的学习，防止网络死记硬背。这时我们发现工程和生物学惊人地殊途同归了。**

事实证明，大脑中的突触，特别是皮层中的突触是概率性的。也就是说，有时你有输入但没有输出（**这看起来像是一种生物故障，但实际上就是大自然的 dropout）也许这有助于我们理解为什么大脑是概率性的。此外，这在能量上非常高效，因为你不希望所有突触同时活跃。所以如果你只有一小部分可以激活（稀疏激活），你实际上可以学得更好，而且能耗更少。**

2024年诺贝尔奖授予了我的论文导师约翰·霍普菲尔德和杰弗里·辛顿。当杰弗里发表诺贝尔奖演讲时，他说：“特里和我原本确信我们会因为解释大脑如何工作而获得诺贝尔奖。结果我们在这方面错了。（**因为玻尔兹曼机并没有成为最终解释大脑的完美模型，后来反而是不那么‘生物’的反向传播赢了）**但这对于物理学诺贝尔奖来说已经足够好了**。**” 

尽管如此，我们早期一起做的这项工作得到认可是很棒的。

04 

**为什么从生物角度入手的AI研究得了物理学奖**
-------------------------

**郝博阳：这仍然**很有趣，辛顿获得物理学诺贝尔奖，因为对我来说，玻尔兹曼机更像是试图解释大脑的生物学机制。

**谢诺夫斯基：** 玻尔兹曼机受到生物学的启发，但它确实是物理学。分析和洞察都来自物理学——**特别是统计力学，我们将神经网络的状态看作是一个物理系统的能量状态，学习就是寻找能量最小化的过程**。所以这是完美的。但很多人质疑，这与物理学有什么关系？事实证明，物理学是现代AI的灵感来源。

**上世纪的现代AI完全由逻辑和规则主导（即符号主义AI，试图把所有知识写成代码规则），这一切现在都改变了。**现在物理学家已经进入这个领域，不仅仅是约翰·霍普菲尔德，还有许多物理学家，比如海因茨·泽波林斯基（Haim Sompolinsky）、拉里·阿博特（Larry Abbott）。

**我们三个人几年前获得了大脑奖（Brain Prize），这是神经科学领域的最高荣誉。**这是因为我们建立了这个领域——计算神经科学——它真的起飞了，并且真正帮助神经科学家理解大脑整合的方式。 

实际上，我们早期工作中产生了一个非常重要的一般原理，那就是：在上个世纪，神经科学的焦点是单个神经元。我们现在有工具和技术。例如，大脑计划（Brain Initiative）是科学和工程中的一个重大挑战。

**在过去十年中，我们从一次一个神经元发展到现在的记录是同时一百万个神经元，神经科学家通常可以在数十个大脑区域记录数千个神经元。所以，现在我们有了全局图景，这确实给了我们与上个世纪不同的视角。**这仍在进行中，但通过分析所有数据，我们开始理解大脑中的大规模活动模式。**即智能不是源于某个超级神经元，而是涌现于成千上万个神经元的集体协作之中。**我认为这真的是从我们早期所有工作中产生的。

05

**ChatGPT是一个可以被完全“解剖”的大脑**
--------------------------

**郝博阳**：与您当年构建玻尔兹曼机（早期神经网络模型）的时代相比，现在的大型语言模型（LLM）与人脑有什么本质不同？现在的研究似乎认为，Transformer架构本身的工作方式可能并不像人脑。

**谢诺夫斯基**：现在，我们唯一能确定的是：**它不是人类**。它可能是大脑某种功能的简化版本，但它的底层机制绝对不是人类的大脑（它基于硅基芯片和反向传播，而非生物神经元和化学递质）。

 但这正是令人兴奋的地方。虽然它可能不是人类，但我们拥有对它的**完全访问权**——这与大脑不同，大脑太复杂了，我们永远无法无损地获取每一个神经元的细节。但对于这个模型，我们知道它的每一个细节。

**ChatGPT本质上就是一个巨大的方程，一个单一的、虽然庞大但确定的数学方程，你可以把它完整地写在黑板上。**你可以访问每一个输入数据、每一个神经元的激活模式，以及它们随时间变化的动态，所有这些都是可以被拆解分析的（这被称为“机械可解释性”）。

**所以现在的挑战是：动用数学、物理学和工程学的全部武器库，去搞清楚这个大方程究竟是如何运作，从而能够以这种（看似有智能的）方式回应我们。**

谁比数学家更懂方程呢？因此，世界上最顶尖的数学家现在都开始研究这个问题。所以我认为，我们获得对它深刻的数学理解，只是一个时间问题。

其实在过去几年中，出现了一个全新的领域，叫做**神经AI（Neuro-AI）**。这是什么？这是两类人群的交集：像杰弗里这样致力于创造更好AI的人，和像我这样致力于理解大脑运作的人。这是历史上第一次，这两个群体可以真正地相互对话，因为我们开始使用相同的数学语言、相同的底层原理（如神经网络、优化函数）。

现在，通过观察AI的表现，它确实可能反过来帮助我们理解大脑。我认为未来将是这种**双向的启发和交流**。

**所以我认为我们最终将能够完成两件事。首先，从数学上彻底理解这些大语言模型是如何工作的，并制造出更好的版本。这方面仍有巨大的改进空间。一旦我们以深刻的数学方式理解了这些“通用智能原理”，这将反过来帮助我们理解并解释人类自己的行为方式和思考方式。**

所有这些突破可能会在未来几十年内陆续发生。但基础研究可能需要更长的时间来沉淀，就像物理学的发展史一样。

举个例子，**量子力学**诞生于20世纪初，但它花了几十年，许多许多个十年，才被转化为实用的技术，比如**激光**。

你知道吗？最早的激光器，需要一个诺贝尔奖级别的物理学家才能把它造出来，而且它需要整整一个房间的光学设备。但在那种情况下，可能过了50年，甚至60、70年后，量子力学才真正变成了支撑现代通信网络、计算机芯片工作方式的基石。但这一切辉煌，都源自物理学早期的那些基础研究。

**06**
------

**AI缺失的大脑拼图之一：基底神经节**
---------------------

**郝博阳**：强化学习是实现（通用）机器学习的最佳路径吗？

**谢诺夫斯基**：让我们退一步，先看看人类大脑是如何学习的。回想一下你的求学经历，你在学校里主要在做什么？在学习阅读，对吧？这需要极其漫长的时间，往往耗费数年之久。你花了多久才学会？

**郝博阳**：大概需要20年甚至更久，才能真正读懂深奥的文章。

**谢诺夫斯基**：没错，20年。这是巨大的时间和精力投入。

像“视觉”这样的能力，你完全不需要刻意学习就能掌握（这是进化赋予的本能，写在基因里）；而理解、阅读、写作，以及数学、算术，却需要几十年。你需要漫长的过程去学习乘除法、平方根、分数，再进阶到微积分等等。

从进化角度看，大脑原本并不是为了处理这些任务（数学、阅读）而设计的，但它却具备学习这些的能力。我们是怎么做到的呢？

**事实证明，我们是调用了大脑的一个特定区域来完成这件事的，这个区域的设计初衷是为了帮你自动化地学习技能。**

举个例子，学骑自行车。第一次骑你会摔倒，你不知道如何保持平衡。但通过练习、练习、再练习（“试错”过程），最终这些动作变成了一种自动化的反应。你甚至意识不到你在做这些动作，意识层面根本无需介入。

在大脑解剖学中，负责这部分功能的区域叫做**基底神经节**（Basal Ganglia），它位于大脑皮层下方。它的核心作用是学习一连串的动作以获得**奖励**（Reward）。在这里，“奖励”可以是成功骑稳了车、打赢了网球，或者是解出了一道数学题。

**这是一个与大脑皮层互补的学习系统。大脑皮层负责你有意识感知的“认知部分”（即知识和推理），而基底神经节负责基于奖励的“强化部分”（即行为和直觉）。你需要两者结合：既需要强化学习（Action/Reward），也需要认知学习（Knowledge/Reasoning）。**

**反观现在的AI（主要是大语言模型）：我们有了强大的“认知部分”（类似大脑皮层，通过海量数据预训练获得），但我们缺乏深度整合的“强化部分”。**

**虽然现在AI也会用到强化学习，但这通常只发生在预训练结束后的微调阶段（即RLHF，人类反馈强化学习）。在AI领域，我们将这称为“对齐”（Alignment，即让AI的价值观符合人类利益）。现在的做法是把“对齐”放在最后一步（微调）来做，但这太晚了。**

**强化学习应该贯穿于AI发展的整个过程，就像人类成长时，大脑的这两个部分是同步发育、相互交织的一样。**

在人类社会中，这种“对齐”是从小就开始的，这样人们才能在同一种文化下协作。这种协作需求真正推动了语言的发展。语言的进化是非常晚近的事情，大约发生在几十万年前。人类语言的存在初衷，就是为了帮助小群体进行社交协作。比如，通过语言沟通，大家才能一起合作捕猎巨大的猛犸象。

这种协作还需要利用资源的能力。如果你在茫茫草原上，你必须知道哪些植物根茎可食用，哪些有毒。这些知识都是通过文化传承、通过一代代的**试错**得来的。

所以，**你需要“认知”来传递信息，也需要“强化”来筛选生存价值。这就是人类进化的方式。我认为，既然我们试图让大语言模型更接近人类的思维方式，那么AI的发展最终也会遵循这条（认知与强化深度融合的）路径。**

07

**AI缺失的大脑拼图之二：内在的生命力和反思**
-------------------------

**郝博阳**：理查德·萨顿（Richard Sutton，强化学习之父）最近提到，现代AI缺乏“元学习”（学会如何学习）和“持续学习”（终身学习而不遗忘）的能力。我们该如何将这两个关键特性融入到现在的模型中？

**谢诺夫斯基**：**我们要做的不仅仅是在现有模型上打个补丁、附加一些功能那么简单。我认为，我们需要对整个架构进行根本性的重组。**

**我所说的架构，是指神经元的组织和运作方式。目前我们对大脑的理解中，有一些关键机制还没有被AI借鉴。**我给你举一个例子：**神经调质系统**（Neuromodulator System）。

**什么是神经调质？在现有的大语言模型中，神经元之间只有简单的突触连接，它们通过加权求和来处理输入（这是一种静态的权重）。但生物大脑中的神经调质完全不同，当它建立连接时，它能改变神经元整合信息的方式。**换句话说，它是在动态地“调制”输入信号（就像调节收音机的音量或频率，而不仅仅是传输信号）。

大脑中有数十种神经调质。比如**多巴胺（Dopamine），**我们知道它对强化学习至关重要。现在的AI中已经有了它的对应物，叫做**时间差分学习**（Temporal Difference Learning，简称TD Learning）。我们知道生物大脑中的多巴胺神经元就在执行这个算法。它的核心逻辑是：只有当你获得的奖励比你预期的多或少时，学习才会发生。这就是“奖励预测误差”信号（Reward Prediction Error，即“惊讶”驱动学习）。

**除了多巴胺，还有专门用于处理“惊讶”的其他调质，以及用于社会整合的调质——比如催产素（Oxytocin）。它对于生命早期母亲与孩子之间建立情感纽带（Bonding）非常重要。**

这很有意思，杰弗里·辛顿（Geoffrey Hinton）最近接受采访时也谈到了这点。你知道，诺贝尔奖得主总是备受关注。杰弗里私下跟我说：“特里，终于有一次，人们开始认真听我说话了。”

**他被问到AI缺失了什么？杰弗里说：我们知道人类生命早期，母亲和孩子之间会形成这种深刻的生化联系。为什么不把它引入AI呢？ 为什么不呢？这（基于情感纽带的连接）是智能的基本原则。**

**郝博阳**：是的，他认为这是保护人类免受AI伤害的最好论据。 

**谢诺夫斯基**：绝对是。如果AI能与人类建立这种深层的情感联系，这或许能从根本上防止它产生恶意的偏见或伤害行为。

**但另一方面，我认为AI缺失的东西甚至超越了神经调节。那就是我认为至关重要的一点：我称之为“自主生成的活动”（Self-Generated Activity）。**

这是什么意思呢？

你看，现在的AI正在被拿来与最聪明的人类做比较。我们要它去考法学院、医学院，做智商测试。现在的AI基本上已经高分通过了所有这些测试。一个单一的神经网络能考上哈佛医学院、能做律师，这确实令人难以置信。

但在这些成就背后，真正缺失的是“内在的生命力”。

现在，如果你与ChatGPT、DeepSeek或其他任何一个模型对话——现在市面上有几十种了——你会觉得你和它建立了一种关系。你可以提问，它可以扩展回答，你获得信息。它像是一个很好的伙伴（Partner）。就像你身边坐着一个非常聪明的同事，你只要问对问题，他就能帮你解决难题。

**但是，一旦你停止说话，它就沉默了。它没有自主生成的活动。它不再“思考”。**

换句话说，作为人类，你可以独自坐在一间漆黑的屋子里，没有任何感官输入（看不见听不见），也没有任何运动输出（不说话不动），但你依然在**思考**。

你在计划明天要做什么（未来模拟）；你在回想昨天发生了什么（记忆重组）；你甚至在反思自己刚才的念头（元认知）。

这一切都完全在大脑内部自主生成，是一场持续不断的内在电影。但这在目前的大型语言模型中是**完全缺失**的（LLM是无状态的，没有输入就没有计算）。

这是一个典型的例子，说明了那些对人类至关重要、但AI尚不具备的能力。我们需要先从神经科学的角度理解这种“自主活动”的机制。虽然我们现在还不知道“思考”确切的神经回路是什么，但如果我们能在这个问题上取得进展，它将帮助我们制造出能够以更接近人类方式去真正“思考”的大型语言模型（而不仅仅是做概率预测）。

08

**AI缺失的大脑拼图之三：海马体**
-------------------

**郝博阳**：顺着您的思路，我认为这里的关键矛盾在于：如果要求大型语言模型（LLM）像您所说的那样进行“持续的主动思考”（即在无人提问时也自主反思），它面临一个巨大的物理瓶颈——**记忆**。

几天前，Yoshua Bengio（图灵奖得主、深度学习三巨头之一）提出了一个关于AGI的新定义。他参考了衡量人类智商的方式，列出了影响智力的10个关键维度。他认为，只有当LLM在这10个领域都达标时，才能被称为AGI。在**“记忆”这个特定维度上，它的得分基本是0。**

您如何看待目前AI的这种“失忆”状态？

**谢诺夫斯基**：好的。我在新书《大语言模型》中，特意写了几章来专门讨论你提到的这个问题。 

你是完全正确的，目前的AI缺失的一个关键要素就是**长期记忆**（Long-term Memory）。

试想一下，你今天和AI进行了一次非常深刻的对话。如果你第二天回来想接着聊，你必须从头开始，因为它根本不记得昨天发生了什么。除非你把前一天的对话记录全部作为新的输入喂给它（但这受限于上下文窗口长度），否则它无法接续之前的思维。这是一个绝对的硬伤。

你刚才提到的另一个关键点是**“持续学习”**（Continuous Learning）。现在的大模型，工作流程是：先进行大规模预训练，然后进行微调。**一旦训练结束，参数权重就锁定了，就没有“新的学习”发生了。**

之后发生的一切都只是**“推理”**（Inference）。也就是说，它虽然能回答你的问题，但它不能通过改变神经元的权重来适应新的经验。

这与人类大脑截然不同。人类的大脑在每时每刻都在通过改变突触连接来学习。所以我列了一个清单，大约有十几项我们已知人类大脑能做、但目前LLM还做不到的事情（持续修改自身权重就是其中之一）。

**郝博阳**：如果我们要赋予现在的AI模型以（类似人类的）长期记忆能力，您认为可行的路径是什么？

**谢诺夫斯基**：长期记忆并不是孤立存在的，它必须与不断涌入的“新信息”协同工作。

当新信息进来时，你希望能记住它，但你不能把所有东西都无差别地塞进去，因为大脑的容量是有限的。所以大脑采取的策略是——**筛选**，它只选择最重要的新信息进行存储。

**注意力**（Attention）是我们已知的第一道过滤器。通常你只会记住你首先关注到的东西。

但在这些你关注到的信息中，哪些是最重要的？以及如何把它们**整合**到你已有的庞大知识库中？这关键的一步发生在**睡眠期间**。当你睡着时，大脑进入了一种完全不同的动态状态（进行离线处理和归档）。

**我们对这个过程已经很了解了。有一点非常确定：大脑中有一个关键区域叫海马体（Hippocampus）——顺便说一句，现有的大语言模型中完全缺失了这个组件。**

海马体的作用是与大脑皮层“对话”，它帮助皮层弄清楚把你的新经验存放在哪，以及如何在**不打乱已有知识**的前提下存储新知识。如果你搞乱了这一点（即新知识覆盖旧知识），就会发生**灾难性的记忆遗忘**（Catastrophic Forgetting）。

这就是为什么人类需要8小时的睡眠来协调这一切。在睡眠中，大脑进行着无数微小的调整。在你年轻时，大量信息涌入，整个皮层正在组装，新的突触在疯狂生成。但实际上这种过程在成年后仍在继续。**新突触的不断形成**，正是我们拥有“终身学习”能力的物理基础。

这又是我在《大语言模型》一书中提到的、目前大语言模型缺失的十几项关键功能之一。这并不神秘，只是现在的模型太“狭窄”了。它虽然参数巨大，但它只模拟了大脑皮层的一小部分功能，对于真正的生物生存而言，这是远远不够的。

![图片](https://mmbiz.qpic.cn/sz_mmbiz_jpg/ow6przZuPIF68LX2HFwgFKoR9b1ibXkuJia5B9BicdzzNNFzyicgAhgzibKM4aZXuPZMrQ4K6dqXvXDdicvXQz48hz1A/640?wx_fmt=jpeg&from=appmsg)

09

**复刻人脑不应是唯一目标，理解多样性才是**
-----------------------

**郝博阳**：你觉得Bengio的AGI定义合理吗？

**谢诺夫斯基**：关于Yoshua Bengio提到的AGI定义，我认为他正在试图解决一个非常棘手的问题。他的定义是很好的尝试，但通过定义来界定AGI本身就很困难。每个人心中都有自己的一套“通用智能”的标准。

我认为问题的根源在于，**“AGI”这个词就像“意识”（Consciousness）这个词一样，是一个模糊的集合体。**

“意识”并没有一个正式的、公认的科学定义。它包含许多不同的维度，有些人强调感知，有些人强调自我反思。我们无法用其他更精准的词来定义它，这导致定义常常陷入**循环论证**（Circular Reasoning）。

我们对“意识”只有一种直觉，哲学家们为此写了无数本书。

但这让我联想到生物学在20世纪发现**遗传密码（DNA）**之前的状态。在那之前，科学界曾对“什么是生命”有过巨大的争论。 

人们困惑：有些东西是活的，比如细菌；有些东西不是，比如地毯、花粉粒。它们的本质区别是什么？

当时人们提出了**“生命力”**（Vitalism）的概念。人们认为，活着的东西体内有一种特殊的“物质”或“能量”，当你死了，这种物质就消失了。

**可是，我们现在还谈论“生命力”吗？早就不谈了。**

为什么？因为“生命”这个抽象的概念，已经被具体化为非常复杂的**生化机制**（Biochemical Mechanisms）。我们现在谈论的是DNA复制、蛋白质合成、代谢途径。我们谈论的是具体的机制。我们对细胞如何工作、以及它们在癌症等病变中如何出错有了深刻的理解。

因为我们理解了机制，所以我们不再需要“生命”这个神秘的哲学词汇来解释现象。

我们讨论的是特定的化学路径，是细胞自组织成多细胞生物的特定能力。这些都是可以从机械、物理角度去研究的实体。

**我认为，同样的事情将会发生在“意识”和“AGI”上。**

 一旦我们真正理解了LLM是如何工作的——当我们从数学本质上搞懂了它；一旦我们开始能够基于原理改进它们，我们将拥有一套非常复杂的**“智能机制”**来解释这一切。 

到那时，它会有“意识”吗？谁知道呢？（或者说，谁还在乎那个旧词呢？） 

我的猜测是，它将拥有一种**与我们截然不同的意识**。

你看，自然界中所有的动物都以不同的方式拥有意识。蝙蝠的意识、章鱼的意识，都与人类不同。它们进化出的意识形式，是为了适应它们特定的**生态位**（Ecological Niche）——它们需要感知周围有什么、如何获取食物、如何交配。这些功能都对应着大脑中特定的区域。

现在的AI也有它自己的“生态位”（数字世界），所以它的“意识”形式也会不同。

**所以我个人更感兴趣的是去理解底层的机制，以及这些简单机制是如何涌现出复杂行为的。**

**至于像“AGI”、“通用人工智能”、“意识”，甚至“理解”（Understanding）这个词本身——说实话，我们根本不知道“理解某事”在神经层面上到底意味着什么。**

**这点现在暴露得非常明显，因为学界正在进行一场大辩论：大型语言模型真的“理解”语言吗？还是只是统计概率的模仿？**

**如果顶尖专家们都无法通过测试达成一致，那么这意味着并不是模型有问题，而是我们对“理解”这个概念本身的定义出了问题。这就是我们现在的处境**。

**郝博阳**：实际上，本吉奥（Yoshua Bengio）只是选择了一条捷径。他之所以用这套标准（人类智商测试的10个维度）来定义AI的理解能力，是因为这是目前我们唯一用来衡量“人类有多聪明”的现成标尺。

**谢诺夫斯基**：但我认为，那种“人类是进化顶峰”的观念，真的—— 

你看，有些动物在某些方面比我们强得多。比如蝙蝠能使用回声定位（感知我们看不见的世界），蚂蚁能通过蚁群智慧（Swarm Intelligence）进行精密协作。大自然是令人难以置信的多样和复杂的。 

我们自认为是万物之灵——英语里专门有个词叫**“傲慢”**（Hubris）来形容这种心态。

 我们以为自己是最伟大的，但我们其实只是众多物种中的一个。没错，我们进化出了语言，这确实帮了忙——让我们能狩猎协作、互相交流——但**语言其实是一个非常、非常“钝拙”的工具**（Blunt Tool）。 

语言并不完美，它既能用于善，也能用于恶，用于欺骗和邪恶。所以我真的认为我们对自己评价过高了，实际上我们作为一个物种有很多缺陷。

**郝博阳**：但这确实是现代AI的起点啊。正是因为您和其他科学家对人类大脑感兴趣，并将人脑作为理解“智能如何运作”的基础，才有了今天的发展，对吧？

那么在这个前提下，现在很多人认为“模拟人脑”是通往AGI（通用人工智能）的唯一路径。您认为这是对的吗？还是说我们想要制造的智能，其实并不需要完全复刻人脑？

**谢诺夫斯基**：**复刻人脑确实是人工智能的工程目标之一。但我认为还有一个更有趣的目标（科学目标），那就是理解不同大脑之间多样性的基础。**

像我刚才说的，很多动物拥有令人惊叹的能力，这些能力完美适配它们的生活方式，以及在与我们截然不同的环境中生存的需求。这需要非常复杂的脑回路和大脑结构来支撑。

尽管如此，所有动物的大脑在发育方式和功能分区上都有底层的相似性。大脑有数百个专门用于**生存**的区域（比如负责本能、运动、体温调节等）。

**而目前的大型语言模型（LLM），充其量只是大脑皮层（Cortex）的一个模型，它只模拟了大脑的一小部分功能。**

当然，这是很重要的一部分，因为人类的大脑皮层确实进化得比其他灵长类动物大得多（负责语言和推理）。但大自然的智慧要比这“皮层智能”丰富得多，也复杂得多。

**所谓的AGI，好吧，这对工程师来说是个好目标（造出像人一样好用的工具）。但如果你真的对基本原理感兴趣（作为科学家），我们应该向自然界的其他生物学习。**

这对于建立一个真正的、关于知识和理解的**统一理论**（不仅仅是解释人类，而是解释所有形式的智能）是至关重要的。

｜认识我们｜

《Hao好聊》是由腾讯科技发起的深度访谈项目。我们关注那些正在重塑时代的人——他们是第一批触摸未来的人，在技术变革的浪尖上冲浪；也是搅动潮水的创造者，用代码与远见重新定义商业与文明的边界。

我们聚焦科技领域的「先行者」，与他们展开沉浸式长访谈，探寻技术浪潮下的思想交锋。当AI开始改写人类社会的底层逻辑，亲历者如何理解这场变革？当技术奇点临近，那些最接近答案的人，如何看待我们共同的未来 ？

《Hao好聊》希望深入技术狂热背后的人文思考，记录产业剧变中的个体抉择，与行业参与者共同探索未来的可能性，成为产业进化的见证者。

｜联系作者｜

作者专注AI赛道，如需交流或提供信息，请添加微信haoboyang001

**推荐阅读**

![](https://mmbiz.qpic.cn/sz_mmbiz_jpg/ow6przZuPIEvGd9a66xnRzMiboPQ3yNkb5MA8sMDiaYBcqFdMIe8J7YweiatU0bgtPKdZINYuU1HyrqHXVc7EAYXA/640?wx_fmt=jpeg&from=appmsg)
=============================================================================================================================================================

后AGI时代，当99%的人类价值归零，资本主义是否会幸存？｜Hao好聊 X 张笑宇
=========================================

![](https://mmbiz.qpic.cn/sz_mmbiz_jpg/ow6przZuPIFpFoJtNicbch7ZRhRLiblevib5bXOxPccjwZiczn5XMtd2WR1x3efeDibkZiayalVwE5gOHIJDo9FUz92A/640?wx_fmt=jpeg&from=appmsg)

聊聊创业公司与谷歌达成合作的幕后故事，以及AR眼镜的“iPhone时刻”｜Hao好聊 X 徐驰

![](https://mmbiz.qpic.cn/sz_mmbiz_jpg/ow6przZuPIEtRXIdzhN1haVIR7Q6u3T8eFdJicib7uicbXSicN0gVwnrLIiaK22mNhlSS8YAYaqhJsnkRUib9Gbgib5Pw/640?wx_fmt=jpeg&from=appmsg)

10分钟就拿到了朱啸虎投资的AI陪伴产品，想让年轻人不孤独｜Hao好聊X孙兆治
=======================================

"
腾讯科技,手握730亿美元订单，博通@所有人：放心，没暴雷,2025-12-12 15:02:25,http://mp.weixin.qq.com/s?__biz=Mjc1NjM3MjY2MA==&mid=2691562381&idx=1&sn=fb51715c35b5f3db4779f2959f8033af&chksm=a9ec44569e9bcd4053b830aa7ef77db876852980ca07afea990854000a5797c52547c206e8ac#rd,"

![图片](https://mmbiz.qpic.cn/sz_mmbiz_png/ow6przZuPIF68LX2HFwgFKoR9b1ibXkuJ4lWfdcOcYm8tUD4dibGmp3UkBYucCJD6E0uItuZFMWic07SR3nLaCzcg/640?wx_fmt=png&from=appmsg)
博通CEO“捆绑”硅谷大佬，图片由AI生成

**文丨苏扬**

**编辑丨徐青阳**

北京时间12月12日，博通发布了截至11月2日的2025财年第四财季及全年财报。**凭借其AI半导体相关营收同比增长74%的爆炸性表现，公司核心业绩营收和净利润双超预期。**

作为AI芯片产业链中最重要的公司，博通就是晴雨表的存在。

两个原因：网络解决方案直接对应AI基础设施投资，比如Tomahawk交换机的增长，而ASIC代工部门，直接反映硅谷下场自研芯片的信号。

所以，这份“硬核”财报如同马斯克的火箭发射一样，在盘后交易中经历了先冲高后回落的剧烈震荡——一度涨逾3%，但因CEO陈福阳在电话会议中拒绝对2026财年AI收入提供明确指引，导致股价盘后涨转跌4.47%，至388.20美元。

所以，超预期的业绩相当于“扫雷”成功，不过市场在为持续的增长鼓掌的同时，又在质疑：**陈福阳打造的这台“利润机器”，在高估值和对少数巨头客户的重度依赖下，能否持续运转？**

01
--

营收与净利润双超华尔街预期
-------------

![图片](https://mmbiz.qpic.cn/sz_mmbiz_png/ow6przZuPIF68LX2HFwgFKoR9b1ibXkuJ1qFOHEoCXkibzeLVWZUSj4dERFEtzs2JBfGNibBny6V6w0nWV2Fia6hJg/640?wx_fmt=png&from=appmsg)

**博通第四财季营收为180.15亿美元**，同比增长28%，超出**华尔街分析师平均预计的174.9亿美元**。另外，陈福阳还特别强调了一句，**博通第四财季营收增长得益于AI半导体营收同比增长74%的推动。**

- **半导体解决方案业务营收为110.72亿美元**，较去年同期的82.30亿美元增长35%

- **基础设施软件营收为69.43亿美元**，较去年同期的58.24亿美元增长26%

**净利润85.18亿美元，同比上涨97%；**每股摊薄收益为1.74美元，同比增长93%。**按照美国通用会计准则，博通第四财季净利润为97.14亿美元**，合每股收益1.95美元，超出华尔街分析师平均预计的1.86美元。

整个2025财年（截至2025年6月），博通净营收为638.87亿美元，去年同期为515.74亿美元；运营利润为254.84亿美元，去年同期为134.63亿美元；**净利润为231.26亿美元，合每股收益4.91美元；博通去年同期净利润为58.95亿美元，合每股收益1.27美元。**

博通在财报展望中表示，**公司预计2026财年第一财季总营收约为191亿美元**，调整后的息税折旧摊销前利润将占营收的67%。

博通同时宣布，鉴于强劲的现金流，将季度派息上调至每股0.65美元，**实现了连续第十五次上调年度股息**。这不仅是资本回报，更是对未来现金生成能力的高度自信。

02
--

“我不是你们的爸爸”
----------

支撑博通AI帝国梦想的另一根支柱，是其基础设施软件业务，虽然单季69.43亿美元营收，同比增长19%而不及半导体业务。

博通的基础设施软件的成就，归功于陈福阳对VMware那场硅谷史上最残酷、最有效率的整合。

2023年11月，陈福阳以约690亿美元（含债务）收购VMware后，在首次员工见面会上，那句“我不是你们的爸爸”迅速成为硅谷的商业警句。他拒绝了硅谷盛行的“企业父爱主义”，将全部精力放在利润和效率上。

陈福阳裁掉了VMware约一半员工，出售了绝大多数办公楼，将数千个边缘或实验性质的产品线压缩至仅剩四条核心业务，并严格推行“钻石与垃圾”理念，对不盈利或效率低下的项目予以剔除。

收购完成后，博通甚至砍掉了托儿服务和年度健康津贴等丰厚福利，撤掉咖啡机、砍掉福利，仅保留了少数旧时代的“遗迹”。

陈福阳同时推动VMware全面转向订阅模式，逐步淘汰传统一次性授权模式，以提高收入的可预测性和持续性。

**财报显示，VMware的订阅迁移率已达85%，这不仅带来了可预测的稳定现金流，也使得VMware的虚拟化技术能够与博通的AI芯片、网络设备无缝集成**。

通过削减福利、精简组织和专注盈利，陈福阳将VMware打造成了一台纯粹的“利润机器”，为其昂贵的AI硬件业务提供了稳定、高利润的软件现金流护城河。财报中并购相关的无形资产摊销出现同比下滑，也标志着高额初期整合成本的阶段性结束，公司运营进入平稳期。

03
--

估值悬崖与泡沫警报
---------

![](https://mmbiz.qpic.cn/sz_mmbiz_jpg/ow6przZuPIF68LX2HFwgFKoR9b1ibXkuJml0DvibmaWpVcheYyicibG6KUhbRHokXdicm6lepCYq8RVajJvU4jCDY4Q/640?wx_fmt=jpeg&from=appmsg)
博通过去六年股价走势

博通财报发布之后的盘后股价先扬后抑，反映出市场对公司业绩与未来的不确定性反应。

这是因为AI基础设施重度投入与商业化收入之间的不对等，AI泡沫论频频出现，市场情绪依旧在高涨的乐观预期和极高估值带来的回调风险之间摇摆。

对于博通来说，前期增长太过于突出，今年的股价累计上涨超过180%，创下历史新高，这轮强劲反弹已将公司的估值推高至动态42倍市盈率，远超其17倍的十年平均水平。

此次财报的乐观核心在于博通为谷歌等客户制造的定制芯片以及其在AI数据中心中的交换机角色。

华尔街分析师对陈福阳采取了“我们信任陈福阳”（in Hock we trust）的态度，因其“每个季度都能像变魔术一样带来新惊喜”。

陈福阳在电话会议中确认了这一核心积极信号，并对AI业务的订单、市场机会和客户布局进行了详细说明。他透露，**公司目前积压的AI产品订单约为730亿美元**，将在未来六个季度内交付完成。

陈福阳强调，这只是“最低值”，**随着新订单不断涌入，积压规模预计将进一步扩大**。Anthropic在第四季度追加约110亿美元订单，加上第三季度的100亿美元，过去半年累计采购已达210亿美元。此外，本季度还获得了一份约10亿美元的新订单，但未披露客户身份。

陈福阳还回答了关于AI服务可达市场（SAM）规模、XPUs与网络组件的比例以及客户投资节奏的问题。他指出，2027财年博通面向三大超大规模客户的AI服务可达市场预计在600亿至900亿美元之间，其中AI网络连接占比约15%至20%，随着集群规模扩大，网络的重要性和占比将逐步提升。

他强调，当前公司的指导仅针对AI与非AI收入的季度预测，但**拒绝对2026全年AI收入提供明确指引，理由是客户部署节奏存在不确定性，可能出现季度间波动**。

现在，华尔街对博通保持着“乐观谨慎”的态度，认可博通在定制AI芯片和网络组件市场的竞争地位，同时关注高估值及盈利结构对股价可能带来的波动风险。

机构投资者如Huntington National Bank此前已警告，博通股价可能已“为失望情绪做好了准备”；Gabelli Funds分析师Ryuta Makino则认为，博通惊人的市场估值已到了一个临界点，即便盈利数据爆发，也可能被部分投资者视为获利了结的契机，引发市场抛售。

关于未来的增长，第四季度也埋下了伏笔——通过战略合作快速锁定超大规模云计算生态：最重磅的战略动作是10月13日与OpenAI宣布的战略合作，涉及部署总价值预计超1000亿美元的自定义AI加速器。

与OpenAI捆绑，被分析师视为“博通进入OpenAI生态的入场券”，**交付期横跨2026年下半年至2029年，显著缓解了市场对英伟达在GPU市场垄断的担忧**。公司同时在持续深化与谷歌的TPU伙伴关系。

在产品线和基础设施方面，博通展示了其AI基础设施路线图的快速执行。今年11月，博通在OCP Global Summit上发布了Tomahawk Ultra和Jericho4以太网交换机，这些产品专为AI训练和推理优化，进一步巩固了其在网络基础设施中的地位。

与此同时，非AI业务的多元化也在同步推进，博通在2025年12月初推出了Wi-Fi 8芯片，旨在规避半导体业务的周期性波动。

总体来说，博通与当前AI产业已经深入融合：AI不倒，博通就会持续增长，但如果博通增长失速，极有可能意味着AI行业发展见顶，至少是AI基础设施行业增长见顶。

**特约编译无忌对本文亦有贡献**

![图片](https://mmbiz.qpic.cn/sz_mmbiz_png/ow6przZuPIHnZUjhov3Ddz0Z4kziaEb7MQsqOBta1iaTPtGpCxf5H2wrjk38KrJCuQscVxdJicQRofLym8zQtb5jA/640?wx_fmt=other&from=appmsg&randomid=qn5v3rdu&wxfrom=5&wx_lazy=1&tp=webp)

**推荐阅读**

[![](https://mmbiz.qpic.cn/sz_mmbiz_jpg/ow6przZuPIF68LX2HFwgFKoR9b1ibXkuJKajRkF2iaDqjib03D50y19Xjxkeq05j3VEJI8HF7tPLn2ePU6kGtqb0Q/640?wx_fmt=jpeg)](https://mp.weixin.qq.com/s?__biz=Mjc1NjM3MjY2MA==&mid=2691562353&idx=1&sn=8dfe0a88e8e721a43d5b523b44303c75&scene=21#wechat_redirect)

一文读懂GPT-5.2 : 直指“经济价值”

[![](https://mmbiz.qpic.cn/sz_mmbiz_jpg/ow6przZuPIF68LX2HFwgFKoR9b1ibXkuJPlOiag5OcJKHibSrndTPUZaBBTVDh200bW5ca1TFdCqe1vnyIxic1G1NQ/640?wx_fmt=jpeg)](https://mp.weixin.qq.com/s?__biz=Mjc1NjM3MjY2MA==&mid=2691562286&idx=1&sn=1ea2dcd58b5d4bffe932baca6ed45547&scene=21#wechat_redirect)

扎克伯克“挥刀斩元老”

[![图片](https://mmbiz.qpic.cn/sz_mmbiz_jpg/ow6przZuPIF68LX2HFwgFKoR9b1ibXkuJP9Gbpr4YYtibMfgvF0bEzklpsvCwfZx2lFC7MxibD9OfF5iaPyj0c4Oow/640?wx_fmt=jpeg)](https://mp.weixin.qq.com/s?__biz=Mjc1NjM3MjY2MA==&mid=2691562141&idx=1&sn=fcc9d9bcf46ed7ab011111d9176ab6b3&scene=21#wechat_redirect)

我们正目睹一场人工智能泡沬吗？

"
腾讯科技,OpenAI用GPT-5.2“反击”谷歌，刀子够快吗？,2025-12-12 15:02:25,http://mp.weixin.qq.com/s?__biz=Mjc1NjM3MjY2MA==&mid=2691562381&idx=2&sn=c31bef8b9efe106a2a87edac168f1125&chksm=a9ec44569e9bcd4052959f3b288fb3a383430a8df3648e836b3aef12fc1a9b6da9b0c8a47ff9#rd,"

![图片](https://mmbiz.qpic.cn/sz_mmbiz_png/ow6przZuPIF68LX2HFwgFKoR9b1ibXkuJh0QhOX51NuENPVlrdXyqWZ0PvECk8fCDcYAYpB3jpqJTRgI8pRia8EQ/640?wx_fmt=png&from=appmsg)
Sam与Pichai扳手腕，图片由AI生成

**文丨苏扬**

**编辑丨徐青阳**

一个月前，谷歌的Gemini 3超越所有竞争对手成为“世界最佳”，一个月后，OpenAI成立10周年这一天（美国时间12月11日），正式推出新一代AI模型GPT-5.2。

在这一关键的产品发布前，奥特曼为了应对主要对手的产品、挖角攻势，在内部拉响最高级别的“红色警报”。

所以，GPT-5.2的亮相，不仅关乎两家科技巨头的市场地位，更可能重新定义全球人工智能产业的竞争格局。

提前“内测”两周的HyperWrite联合创始人兼CEO马特·舒默评论说：**能力强，尤其是推理能力强，但速度慢**，且场景太单一，只能通过ChatGPT使用。

“这是世界上最好的模型，它可以用1个小时来处理难题，而且还能出色完成任务。我已离不开它。”

![图片](https://mmbiz.qpic.cn/sz_mmbiz_png/ow6przZuPIF68LX2HFwgFKoR9b1ibXkuJxs6dx5OZKclFEZrWic4oY3CvLwaic7mYrbHqXjwWdEdn4jqd4CPInUxA/640?wx_fmt=png&from=appmsg)

硅谷AI专家艾莉·米勒也是“内测用户”，她将GPT-5.2定义为“专业研究员”：对深度思考和复杂问题解决“严肃”、“专业”，但内容结构化，对追求快速、简洁和拟人化交流的用户不太友好。

“复杂的工作，脑暴，专业分析，我可能会用GPT-5.2。”

AI开发者Dp Singh也认同上述判断，强调**AI首次能在日常专业任务（如制作演示文稿、电子表格、分析图表）中达到专家级产出水平**，而不仅是演示场景。

GPT-5.2表现出来的与人类研究员平齐的专业能力，也引发了学界专家的关注。

![图片](https://mmbiz.qpic.cn/sz_mmbiz_png/ow6przZuPIF68LX2HFwgFKoR9b1ibXkuJdzgPtMiaycSXNF8S59MoRmolzfcQlAkDfiblpyyLwZMLhKhgSTmpGKFA/640?wx_fmt=png&from=appmsg)

宾夕法尼亚大学沃顿商学院教授、人工智能专家伊桑·莫利克说：“我从未如此确信过，即便今天人工智能发展不再继续，未来10年社会、经济仍然将面临巨大的变革，因为人类会想方设法利用模型的能力。当然，AI的进步也不可能就此结束。”

**01**
------

**OpenAI无法“遥遥领先”**
------------------

**OpenAI对GPT-5.2的定位很明确，是“迄今为止最适合现实世界专业用途的模型”。**

而证明其“能力”的指标，就是基准测试、跑分。

![图片](https://mmbiz.qpic.cn/sz_mmbiz_png/ow6przZuPIF68LX2HFwgFKoR9b1ibXkuJP6x4mRO3ibb9Z37TRRY8E0cOaiaMehCJxQiatZeuZXm1Qar3IhhnxFxvw/640?wx_fmt=png&from=appmsg)

上面是OpenAI在X上晒出来的一张基准测试图（官方新闻稿甚至都没这张图）。

可以看到，在其自主研发的GDPval基准测试中，GPT-5.2在70.9%的明确任务上达到或超越了顶尖人类专家的水平，较其8月发布的GPT-5（38.8%）实现大幅跃升，也领先于Anthropic的Claude Opus 4.5（59.6%）和谷歌的Gemini 3 Pro（53.5%）。

但是话说回来，GDPval是OpenAI自己的基准测试，做不好才有问题。

更重要的是，基准测试这东西，在业界数量太多了，OpenAI这次引用了其中8项不同类型的，谷歌在Gemini 3的引用了可能有20项基准测试，这里就有一个操作空间了——我的哪些基准测试数据好就放哪个，其他就不放。

![图片](https://mmbiz.qpic.cn/sz_mmbiz_png/ow6przZuPIF68LX2HFwgFKoR9b1ibXkuJ6MicNyKYQOibicuicTDJJCwia7FDwTYNJWC0L5leWfnicDOalPWqzeVDsribw/640?wx_fmt=png&from=appmsg)

但如果我们把上面的表格转换成折线图，可以很清晰的看到，**在多个基准测试中，OpenAI新发布的GPT-5.2各家最前沿的模型差别都不明显。**

可以说，AI竞赛已从OpenAI一家独大，演变为多方巨头“短兵相接”的混战。

《纽约时报》也提及了这种看法，并且援引行业专家观点指出，“OpenAI所谓的AI基础模型与其他公司模型之间的技术差距实际上已经不复存在。”

如果说，基准测试不够直观，可以看看具体的案例，下图左是OpenAI官方提供的“海浪模拟器”网页，右边是相同提示词在Gemini中生成的页面，总的来说，各有优势。

![](https://mmbiz.qpic.cn/sz_mmbiz_png/ow6przZuPIF68LX2HFwgFKoR9b1ibXkuJCa2ficgvXsUL9HxbcQ6gvuTn9Uj9nSNhqelQkhiaGb89OOZZb6vBXOgA/640?wx_fmt=png&from=appmsg)

前面提到过，因为竞争对手的步步紧逼，奥特曼在公司内部拉响“红色警报”。

从GPT 5.2和同行之间的差距来看，短期内估计没办法在产品和模型层面消除“红色警报。”

针对这个问题，被奥特曼一手挖过来的应用业务首席执行官菲吉·西莫说，“红色警报是向公司发出的一个信号，表明我们需要将资源集中在一个特定领域，这是一种确定优先级的方式。”

大意就是红色警报不是决战生死，只是让大家看到管理层表决心、定方向。实际上GPT-5.2在数月之前就已经研发，只是选择在这么一个时间点发布。

问题是，如果要决企业生死，除了这个不怎么能拉开差距的GPT-5.2，奥特曼的手中，还有没有比它更快的刀？

当然，比起在内部拉警报，奥特曼在外部的表现还是挺放松。

他在接受CNBC采访时表现出谨慎乐观：“Gemini 3对我们的业务指标产生的影响，可能比我们担心的要小。”他**预计OpenAI将在2026年1月“以非常强势的地位”解除“红色警报”状态。**

**02**
------

**十年一梦，还是十年十梦**
---------------

OpenAI刚刚迎来成立10周年，官网也发了一条视频，介绍这家公司从哪里来、到哪里去。

10年前，马斯克还在OpenAI项目组中活动的时候，黄仁勋送给OpenAI的世界上首台DGX-1服务器，各路大佬都在上面留下来签名，背景墙有一句格言**“关键的问题不在于我们‘知道什么’，而在于我们如何‘运用所知’**……我相信，我们每个人的责任都是——在行动时，要**把自己当成全世界的命运都维系在自己肩上一样。”**

![图片](https://mmbiz.qpic.cn/sz_mmbiz_png/ow6przZuPIF68LX2HFwgFKoR9b1ibXkuJib6GpfEq96sicmMibdnOtGxulrZViaBpedjUE2Azoh3z8ryXzGsgpswnXw/640?wx_fmt=png&from=appmsg)

十年来，OpenAI给世界送来了ChatGPT、Sora等震撼的产品，奥特曼在世界各地巡游布道，与各种硅谷巨头捆绑压铸算力，但是随着时间的推移，OpenAI从一开始的大幅度领先，到慢慢被对手追平甚至超越？

现在的OpenAI，处在一个茫然的十字路口。

成立初期，OpenAI声称其目标是“以最可能造福全人类的方式推进数字智能，不受产生财务回报需求的限制”。

斯塔福德郡大学的AI伦理学家凯瑟琳·弗利克也强调，这一创立理念已发生巨变。因为在**OpenAI复杂的架构背后，存在着一个利益错综复杂互相绑定的营利性公司。**

“现在我们有一个营利性公司，它已经完全卸下了对社会效益的任何责任，基本上接受了那种不惜一切代价增长的信条。”弗利克表示，原因在于OpenAI身处生成式AI革命的最前沿，而这里“有钱可赚”。

红色警报声中，OpenAI的第一要务是做产品体验，商业化优先级排在后面，因为这已经涉及到生死存亡，也关乎奥特曼更远大的理想——10年后可能会到达的超级智能，但这种愿景并非是OpenAI绝对的共识。

**03**
------

**商业化与治理的矛盾**
-------------

技术竞赛的背后，是OpenAI面临的巨大商业化与盈利压力。

奥特曼表示，OpenAI的目标是在2025年底实现相当于每年200亿美元收入的月度营收，但他承认距离整体盈利“仍有很长一段路要走”。

更引人注目的是，**OpenAI承诺在未来几年投入高达1.4万亿美元用于计算基础设施建设**，以支撑其AI雄心。

市场调研公司Sensor Tower的最新数据显示，2025年11月，ChatGPT全球月活用户总数为8.1亿，8-11月增速仅为6%，远低于2024年同期40%以上水平。此外，其全球的份额，四个月内也从38%降至35%。

![图片](https://mmbiz.qpic.cn/sz_mmbiz_jpg/ow6przZuPIF68LX2HFwgFKoR9b1ibXkuJb5RoxU9MKcadhEbIkibVFSAHENHLFTSRj6flc1ARw1YMfGyh1UBKJqg/640?wx_fmt=jpeg&from=appmsg)

目前，ChatGPT是OpenAI的营收生命线。每周超过8亿的活跃用户中，约6%每月支付20美元使用高级服务。

OpenAI正试图从免费用户中挖掘更多价值，**探索的方向包括在ChatGPT中引入广告，以及开发交易分成模式**（例如用户通过聊天机器人购物，OpenAI从中抽成）。

**西莫还证实，OpenAI计划在推出“成人模式”**（可能允许成人内容）前，先引入用户年龄预测功能以保护青少年，“成人模式”预计明年第一季度上线。

与此同时，OpenAI正积极进军企业软件市场，将自身定位为同时服务消费者与企业两大客户群体的公司。GPT-5.2在编码、法律、金融等专业领域的性能提升，正是为了吸引高价值的企业客户。

然而，在这一市场，OpenAI将直接面对谷歌、微软等巨头的激烈竞争，后者能够将AI工具与成熟的办公软件生态（如Google Workspace、Microsoft 365）深度捆绑。

营利性能帮助OpenAI获得源源不断的资金，以继续它帮助人类的远大理想，但这个过程中也会衍生出一系列的安全、伦理方面的问题。

就在GPT-5.2发布之前，OpenAI遭遇一项新的诉讼，指控ChatGPT与一名心理困扰用户的互动间接导致了康涅狄格州的一起谋杀-自杀惨剧。需要注意，这已经不是第一起类似的诉讼。

OpenAI回应称事件“令人心碎”，并承诺持续改进系统对心理困扰迹象的识别和应对能力，引导用户寻求现实帮助。

此外，《纽约时报》起诉OpenAI及其合作伙伴微软侵犯版权的案件仍在进行中，凸显了AI训练数据合法性这一根本性行业难题。

**04**
------

**与谷歌“争霸”**
-----------

这场OpenAI与谷歌之间的较量，早已超越单纯的技术参数比拼，演变为一场涵盖技术迭代、生态构建、商业模式、安全治理和资本耐力的全方位战争。

在技术层面，基准测试的“榜首”争夺日趋白热化。

OpenAI研究副总裁艾丹·克拉克虽未透露GPT-5.2的具体训练突破，但承认在预训练等基础环节持续改进，回应了业界对“预训练潜力是否耗尽”的质疑。

在生态层面，**OpenAI推出自有浏览器，意在挑战谷歌的Chrome**，试图构建从底层模型到上层应用的完整生态闭环。而**谷歌则凭借其庞大的现有产品矩阵，试图通过整合创造协同优势。**

AI模型评估平台LMArena公司Wei-Lin Chiang指出：“通用模型的用户增长已触及阶段性瓶颈，下一个增长极必然来自垂直领域。”

他还强调，当前竞争的核心已非单纯用户扩张，而在于谁能率先在医疗、金融等关键行业建立起可靠、高效的解决方案，真正实现技术能力向产业价值的转化。

最后在战略文化层面，OpenAI从非营利研究机构向高估值商业实体的快速转型，以及其对盈利的迫切追求，正在重塑其内部文化。**一些早期员工曾引以为傲的、与谷歌等广告驱动模式的区别，正在现实压力下变得模糊。**

“这是一场将在多条战线上展开的竞赛。”追踪最新AI技术性能的公司Vals AI首席执行官拉扬·克里希南的论断精准概括了当前AI霸主之争的复杂性。

总体来看，GPT-5.2的发布是OpenAI在专业领域一次有力的技术宣示，但它远非终局——没能和对手拉开差距，甚至OpenAI自己都说要到2026年1月份才能消除警报声。更重要的是，即便短期内“红色警报”可以暂时解除，但**整个AI行业最高强度的竞争警报，已然长鸣。**

**特约编译无忌对本文亦有贡献**

![图片](https://mmbiz.qpic.cn/sz_mmbiz_png/ow6przZuPIHnZUjhov3Ddz0Z4kziaEb7MQsqOBta1iaTPtGpCxf5H2wrjk38KrJCuQscVxdJicQRofLym8zQtb5jA/640?wx_fmt=other&from=appmsg&randomid=qn5v3rdu&wxfrom=5&wx_lazy=1&tp=webp)

**推荐阅读**

[![](https://mmbiz.qpic.cn/sz_mmbiz_jpg/ow6przZuPIF68LX2HFwgFKoR9b1ibXkuJKajRkF2iaDqjib03D50y19Xjxkeq05j3VEJI8HF7tPLn2ePU6kGtqb0Q/640?wx_fmt=jpeg)](https://mp.weixin.qq.com/s?__biz=Mjc1NjM3MjY2MA==&mid=2691562353&idx=1&sn=8dfe0a88e8e721a43d5b523b44303c75&scene=21#wechat_redirect)

一文读懂GPT-5.2 : 直指“经济价值”

[![](https://mmbiz.qpic.cn/sz_mmbiz_jpg/ow6przZuPIF68LX2HFwgFKoR9b1ibXkuJPlOiag5OcJKHibSrndTPUZaBBTVDh200bW5ca1TFdCqe1vnyIxic1G1NQ/640?wx_fmt=jpeg)](https://mp.weixin.qq.com/s?__biz=Mjc1NjM3MjY2MA==&mid=2691562286&idx=1&sn=1ea2dcd58b5d4bffe932baca6ed45547&scene=21#wechat_redirect)

扎克伯克“挥刀斩元老”

[![图片](https://mmbiz.qpic.cn/sz_mmbiz_jpg/ow6przZuPIF68LX2HFwgFKoR9b1ibXkuJP9Gbpr4YYtibMfgvF0bEzklpsvCwfZx2lFC7MxibD9OfF5iaPyj0c4Oow/640?wx_fmt=jpeg)](https://mp.weixin.qq.com/s?__biz=Mjc1NjM3MjY2MA==&mid=2691562141&idx=1&sn=fcc9d9bcf46ed7ab011111d9176ab6b3&scene=21#wechat_redirect)

我们正目睹一场人工智能泡沬吗？

"
腾讯科技,一文读懂GPT-5.2 : 直指“经济价值”，硬刚Gemini3的剧情未出现,2025-12-12 06:55:53,http://mp.weixin.qq.com/s?__biz=Mjc1NjM3MjY2MA==&mid=2691562353&idx=1&sn=8dfe0a88e8e721a43d5b523b44303c75&chksm=a9ec44aa9e9bcdbccabfcc715efb4121c58bd5c6d59e7d8ea7a709982a425ac4193047c342ec#rd,"

### ![](https://mmbiz.qpic.cn/sz_mmbiz_jpg/ow6przZuPIGLQZiaE7yAOvQj0mrib6ga2MLy43dpw0CE3vXZibyD27FHt96lic2YNBU6MicGZmVW3Kn43adk4ibXb4IQ/640?wx_fmt=jpeg&from=appmsg)

文｜郭晓静

编辑｜徐青阳

北京时间12月12日凌晨，OpenAI把刚刚发布的GPT-5.2定义为“迄今为止功能最强大的专业知识工作模型系列”。

OpenAI给出的官方文档明确指出，GPT-5.2 的设计初衷在于“创造更大的经济价值”。相较前代，它在电子表格处理、演示文稿制作、代码编写、图像感知、长文本理解及复杂多步项目执行等方面，均实现了全面性能跃升。

为了验证其在真实业务环境中的价值,OpenAI引入了GDPval基准测试,该测试覆盖了9大行业、44类职业的1320个真实业务场景。官方数据显示,GPT-5.2 Pro在高达74.1%的任务中表现超越或持平人类专家。

多家早期合作企业,如Notion、Databricks和Cognition,也从测试中观察到模型在长链条推理、数据分析和代码审查等任务中的错误率显著下降,一致性与稳定性得到明显改善,使其更适合作为“公司级智能体”的核心引擎。

就在一周多前，奥特曼在给员工的私人信息中宣布进入“红色警戒”状态，调集更多资源投入 ChatGPT。行业对于GPT-5.2的预期为，硬刚Gemini 3，夺回SOTA。但是，这次GPT-5.2的发布，并没有看出“应战”的火药味和心虚的“不服感”。

Gemini 3 被 Google 定义为“新一代智能时代的起点”，核心是多模态推理 + 代理能力 + 搜索和 Workspace 场景的深度融合。而GPT-5.2清晰明确指向专业知识场景，强调“经济价值”。定位区别清晰。

GPT-5.2的官方说明文档读下来，整体感觉是，有点无聊，但OpenAI更有商业战略定力了。

![](https://mmbiz.qpic.cn/sz_mmbiz_png/ow6przZuPIGLQZiaE7yAOvQj0mrib6ga2MWcVS4KfWcrKIXENlb1VKZHgjOuo0sg3uXicoXcbTbveJA5AjTIlkLHA/640?wx_fmt=png&from=appmsg)

OpenAI应用业务首席执行官菲吉·西莫（Fidji Simo）在新闻发布会上也表示：“我们宣布了‘红色警报’，旨在向公司发出明确信号，即我们希望将资源集中在一个特定领域，这也是界定公司优先事项的一种方式。” 

西莫同时否认了GPT-5.2系列模型的发布是受“红色警报”行动影响而匆忙提前的，她强调，公司为这款新模型的发布已经进行了数月的准备工作。

在经历了数月准备后推出的GPT-5.2，核心看点完全围绕着“创造更大的经济价值“展开：

* 三级模型矩阵： 推出 Instant（极速）、Thinking（深度思考）、Pro（最强解难） 三个版本，以满足从日常轻量对话到复杂科研的不同需求。
* “打工人”实战能力质变： 基于全新的 GDPval 基准，GPT-5.2 Pro 在 74.1% 的真实职业任务（如投行建模、PPT制作）中胜过或持平人类专家，效率提升 11 倍，标志着从“对话”转向“交付”。
* 逻辑与推理的“封顶”表现： 数学能力在 AIME 2025 中拿下满分（100%），并在 ARC-AGI-1 抽象推理测试中首次突破 90%，展示了恐怖的通用智能水平。
* Agentic Coding 的飞跃： 在更难的 SWE-Bench Pro代码测试中显著提升，被开发者评价为“自 GPT-5 以来最大的智能跃升”，尤其擅长复杂的多步骤工具调用和长流程任务。
* “完美”的超长上下文： 解决了“大海捞针”的痛点，在 256k长度下的多信息点检索（4-needle）准确率接近 100%，配合更强的视觉空间理解能力，大幅提升了处理长文档和复杂图表的可靠性。

![](https://mmbiz.qpic.cn/sz_mmbiz_jpg/ow6przZuPIGLQZiaE7yAOvQj0mrib6ga2MTI2fTsia3UUY6C5o7asIAzfogkF1xuUatibDPeZ6sXz1T3pILvDn2Gzg/640?wx_fmt=jpeg&from=appmsg)

#### 01 包含三款模型，比GPT-5.1更贵

本次发布包含三款模型：GPT-5.2 Instant（优化响应速度）、GPT-5.2 Thinking（深度推理）、GPT-5.2 Pro（高端版本）。

Instant主要用于日常任务主力，主打速度与轻量推理；Thinking用于深度逻辑推理与复杂项目，更适用于企业工作流；Pro面向研究与最高质量输出，推理链条最强、错误率最低。

OpenAI 选择了“比 5.1 昂贵、但仍低于其他前沿模型”的策略，为GPT-5.2系列模型推出分层API定价策略。

其中GPT-5.2 Instant与GPT-5.2 Thinking采用统一计费标准，输入单价为每百万tokens 1.75美元，输出单价为每百万tokens 14美元；高端版本 GPT-5.2 Pro定价更高，输入单价达每百万tokens 21美元，输出单价为每百万tokens 168美元。

尽管Pro等高端版本的单次token单价更高，但OpenAI强调，GPT-5.2系列在真实智能体任务中具备更高的token使用效率，因此在部分企业场景中，完成同等质量任务的整体成本反而可能降低。官方同时说明，Pro版本在实际使用中能显著减少“推理废话”，输出内容更紧凑精炼，这一特性也将进一步帮助用户控制使用费用。

![](https://mmbiz.qpic.cn/sz_mmbiz_jpg/ow6przZuPIGLQZiaE7yAOvQj0mrib6ga2Mjg8WBzyE0enbQiaNjvic1L7eCtmpZnZQyzUvfn5qndjCye68Kicn0mb8w/640?wx_fmt=jpeg&from=appmsg)

图：GPT-5.2系列模型的定价

同时，ARC Prize（ARC-AGI）被业界公认为目前最难、也是最能体现 AI “通用智能（AGI）”水平的基准测试。根据ArcPrize的测算，GPT-5.2的性价比继续提升，一年内效率提升了约390倍。

![](https://mmbiz.qpic.cn/sz_mmbiz_png/ow6przZuPIGLQZiaE7yAOvQj0mrib6ga2M6ry23plwFDRdsTx4SEUKIZXavibJMW1UAQ1Pgj28Kk3ldiaj4ecW2adw/640?wx_fmt=png&from=appmsg)

GPT-5.2系列已向Plus、Pro、Edu、Business、Enterprise用户陆续开放，并同步上线API。面向工程与程序员群体的GPT-5.2 Codex将在未来数周内推出，进一步针对编程任务做专项优化。

#### 02 核心直指专业知识工作与企业级应用的能力提升

GPT-5.2系列模型的核心定位是“提升专业工作效率”与“增强长期任务一致性”。根据官方披露的数据，GPT-5.2系列模型在多项关键评估基准上取得了当前公开模型中的最高成绩。

![](https://mmbiz.qpic.cn/sz_mmbiz_png/ow6przZuPIGLQZiaE7yAOvQj0mrib6ga2MoBPMHb9W5ZYqmvFP2c2icK3D5ydx3hJ3A7rOb54pfMSz4T8ttsoyMDQ/640?wx_fmt=png&from=appmsg)

图：GPT-5.2基准评测概览

OpenAI官方表示，GPT-5.2聚焦于提升企业用户的专业工作流效率，包括表格处理、演示文稿生成、代码编写、图像理解、工具调用、多文件工程任务处理等能力。GPT-5.2的文本生成结构相较以往更清晰，逻辑链条更稳定，特别是在软件说明文档、技术手册生成、长篇报告编写等领域，模型内部的“结构化写作倾向”更加明显。

![](https://mmbiz.qpic.cn/sz_mmbiz_png/ow6przZuPIGLQZiaE7yAOvQj0mrib6ga2MAianG0JZMgLHRwiavyzpmtupj5pqrJLRM7htPibMymyoGDYS7vnSYUEicA/640?wx_fmt=png&from=appmsg)

图：GPT-5.1、GPT-5.2制表效果对比

GPT-5.2 Thinking在面向专业知识与实际工作的GDPval任务集中达到了可与行业平均专业人员相匹敌的水准，在所有对比任务中“胜出或持平”的占比达到70.9%。在等效任务中，GPT-5.2 Thinking 的完成速度超过专业人士11倍以上，同时成本低于1%。

![](https://mmbiz.qpic.cn/sz_mmbiz_png/ow6przZuPIGLQZiaE7yAOvQj0mrib6ga2M6pJW1s463UP0zWyjBbQ8uuicWXcJBGA87bnkTxIibvL8bSzZaY7NVX3Q/640?wx_fmt=png&from=appmsg)

在真实企业环境中，多家早期合作伙伴测试表明模型在复杂推理链条与工具调用一致性上实现明显改进：

Notion、Box、Shopify：观察到更稳健的长链条推理，在复杂界面和数据库操作中错误率下降

Databricks、Hex：数据智能体任务的 SQL/数据分析链路显著更一致

Cognition、Warp：认为其代码审查和定位缺陷能力达到当前模型的领先水平

此外，OpenAI特别强调GPT-5.2在“多工具编排任务”中表现更稳定，能够在单次会话中处理二十多个工具调用步骤，并在系统提示（system prompt）显著简化的情况下维持高一致性。这一点使其更适合作为“公司级智能体核心大脑”。

#### 03 编码、事实性与长文本处理全面进步，支撑企业复杂开发需求

为了支撑企业级的复杂开发需求，GPT-5.2 Thinking在软件工程能力上实现了飞跃。

GPT-5.2 Thinking在SWE-Bench Pro严格评测中取得55.6%准确率，在Python专项SWE-Bench Verified评测中达到 80%。这意味着GPT-5.2在自动化调试生产系统、重构大型代码库、理解遗留系统以及处理复杂功能需求方面，已接近部分自动化代码助手的可部署标准。

![](https://mmbiz.qpic.cn/sz_mmbiz_jpg/ow6przZuPIGLQZiaE7yAOvQj0mrib6ga2MU6WTbKK4f73vOdKhuOfH5DicT1DROialaZHjCFKrQHB0ScZO9jeYndNA/640?wx_fmt=jpeg&from=appmsg)

图：GPT-5.2 Thinking在SWE-Bench Pro的跑分

GPT-5.2在前端开发（尤其是现代 UI、WebGL/Three.js、复杂 3D 界面）方面也加入了专门优化，提升了对组件结构、事件绑定和布局逻辑的理解能力。

![](https://mmbiz.qpic.cn/sz_mmbiz_jpg/ow6przZuPIGLQZiaE7yAOvQj0mrib6ga2MrIvEJGdXiaiarBkGe68oCiaiaphWXLmeQLxKYYTN66kvRh4haia0dLSjmUg/640?wx_fmt=jpeg&from=appmsg)

图：GPT-5.2 Thinking在匿名真实查询集合上的错误率降低

在事实性方面，GPT-5.2 Thinking在匿名真实查询集合上的错误率相较上一代下降约30%。OpenAI强调，GPT-5.2在面对模糊或信息不完整的查询时，会更主动给出依据来源或使用结构化推理路径，以降低误导性回答的概率。

![](https://mmbiz.qpic.cn/sz_mmbiz_jpg/ow6przZuPIGLQZiaE7yAOvQj0mrib6ga2MNw3muEEo81ibCTQgUJemJhs147e0P3anyaYN79fp0XAtibB3iaFicY4ibWA/640?wx_fmt=jpeg&from=appmsg)

图：GPT-5.2 Thinking在长上下文推理方面的表现

在长上下文推理方面，GPT-5.2 Thinking支持最高256k tokens输入，并在“四针（4-needle）”检索任务中实现接近100%准确率，超过已有商用模型的水平。

该模型还在长文档问答、合同审查、多文件工程跨引用等任务中表现出更高稳定性。若任务长度超过上下文窗口，模型可配合Responses/compact接口，通过“摘要性迭代检索”进一步扩展可处理规模。

#### 04 智能体工具调用与视觉理解大幅增强

![](https://mmbiz.qpic.cn/sz_mmbiz_jpg/ow6przZuPIGLQZiaE7yAOvQj0mrib6ga2MGJPeZVTXW0cOLqhBfj4mrCrBI6Mbd8QHwelUmXXPoj0Xxk7WfqJbfg/640?wx_fmt=jpeg&from=appmsg)

企业工作流往往涉及跨系统的复杂操作。在智能体任务方面，GPT-5.2 Thinking在Tau2-bench Telecom多轮客服任务的工具调用测试中取得98.7%完成度，该评测覆盖订票、退款、延误补偿、物品遗失与跨系统调度等场景，反映其可承担更高自治度的流程任务。

OpenAI表示，GPT-5.2的“工具决策粒度”更加稳定，推理链条更可控，在连续20~40步的任务中不易出现跳步、误调用或不必要调用等问题，使其更适合作为长流程自动化智能体（Autonomous Agent）的执行核心。

![](https://mmbiz.qpic.cn/sz_mmbiz_jpg/ow6przZuPIGLQZiaE7yAOvQj0mrib6ga2MAspSicTC7BH5ZPcvCU7u3uMCTOLzx6bcwsVYvESJ80xU2yBINIhKjuQ/640?wx_fmt=jpeg&from=appmsg)

图：在CharXiv（科研图表推理）中准确率提升约8个百分点

在视觉能力方面，GPT-5.2 Thinking的图表推理和界面理解能力显著增强。其软件界面识别错误率减少约一半，在CharXiv（科研图表推理）中准确率提升约8个百分点。OpenAI同时对模型加入了大规模软件 UI数据训练，使其更准确理解控件、菜单层级与界面逻辑关系。

![](https://mmbiz.qpic.cn/sz_mmbiz_jpg/ow6przZuPIGLQZiaE7yAOvQj0mrib6ga2McldrhMCOHQZp1q5mkXfKFEFoCAW3eTvOibKZuaHaLoDbJJGDoCABdog/640?wx_fmt=jpeg&from=appmsg)

图：GPT-5.2 Thinking在图像中元素的位置把握上更强

与之前的模型相比，GPT-5.2 Thinking在图像中元素的位置把握上更强，这有助于解决相对布局在问题中起关键作用的任务。在示例中，即使是低质量的图像，GPT-5.2也能识别出主要区域，并放置大致与每个组件真实位置相符的框，而GPT-5.1仅能标注少数几个部分，并且对它们的空间排列理解明显较弱。

#### 05 科学推理、数学能力与抽象智能的进展

![](https://mmbiz.qpic.cn/sz_mmbiz_jpg/ow6przZuPIGLQZiaE7yAOvQj0mrib6ga2MRKSk7vPfvuqU3geHDCQruUbMcJlFXUnAIdkT7k3Sym4DkkJmhSgsSw/640?wx_fmt=jpeg&from=appmsg)

图：GPT-5.2 Pro在GPQA Diamond中的表现

GPT-5.2 Pro在GPQA Diamond（研究生难度的大规模科学知识测试）中取得93.2%准确率，在现有同行测试中位居前列。

![](https://mmbiz.qpic.cn/sz_mmbiz_jpg/ow6przZuPIGLQZiaE7yAOvQj0mrib6ga2MWFSpEicKWbMkEqNWeKicfKtcIBz3OMnexhXiaVjd6zh6C3g7htogJNJ4Q/640?wx_fmt=jpeg&from=appmsg)

图：GPT-5.2 Thinking在FrontierMath测试中的表现

在FrontierMath（涵盖多步骤数学推理及高难度证明问题）中，GPT-5.2 Thinking取得40.3%正确率，相较上一代有显著提升。OpenAI披露，一支科研团队已使用GPT-5.2 Pro协助探索统计学习理论中的一个开放问题，模型提出的证明在后续人工审核中被证实成立。

在ARC-AGI系列评测方面，GPT-5.2 Thinking在ARC-AGI-2（Verified）中从上一代的17.6%提升至52.9%，被视为该模型在“抽象智能”“非模式记忆”“类比推理能力”上的重要进展。GPT-5.2 Pro在 ARC-AGI-1中也超过90%，成为首个达成该水平的主流模型。

![](https://mmbiz.qpic.cn/sz_mmbiz_jpg/ow6przZuPIGLQZiaE7yAOvQj0mrib6ga2MTfichqqaAQvpibgiaskPON9ItFyo8tlVHaVWicDEblUx9RQUqhEFgfngHA/640?wx_fmt=jpeg&from=appmsg)

图：心理健康评估

在安全策略方面，GPT-5.2 延续“safe completion”训练框架，重点强化心理健康、风险倾向、敏感身份类对话场景的表现。OpenAI还正式宣布开始部署年龄预测系统，可在疑似未成年用户使用模型时自动切换到受限模式与额外安全过滤。

#### 06 写在最后

在发完几条“兜售”GPT-5.2的帖子之后，SamAltman还发布了一条“情绪价值贴”——过去的十年十分精彩；在OpenAI工作比我想象的还要特别。和一条彩蛋帖“下周我们还会送您一些小小的圣诞礼物”，暗示可能还要新的模型（产品）发布。

![](https://mmbiz.qpic.cn/sz_mmbiz_png/ow6przZuPIGLQZiaE7yAOvQj0mrib6ga2MLNy1dmXE4xH6oJa5Sb6VqaD0A7icHWenqxYxOibiarcXTL6M4ZPKPDvrg/640?wx_fmt=png&from=appmsg)

就在几个小时前，OpenAI 获得迪士尼10 亿美元的投资意向。ChatGPT以后可以理直气壮的合成“米老鼠”了。

ChatGPT火爆三年后，SOTA模型不断刷新Benchmark已经不能带给行业兴奋点，但是每次OpenAI更新新模型的情绪价值仍在。

同时，这家站在AGI浪尖的独角兽，必须开始背负更多的商业期待，也要解决一个又一个现实中的“米老鼠问题”。

（腾讯科技特约编译无忌对本文亦有贡献）

![图片](https://mmbiz.qpic.cn/sz_mmbiz_png/ow6przZuPIGRfoblqA9Sr6aWoSRUlfIxuqZicI4AKg5c2acdXqfL9sQc8xXsibrrczA9Dkb0vB7oib9NoHHUkiaXCw/640?wx_fmt=png&from=appmsg&wxfrom=5&wx_lazy=1&tp=webp#imgIndex=11)
![图片](https://mmbiz.qpic.cn/sz_mmbiz_jpg/ow6przZuPIFZNgK8f3ynicLldERVFtyMWxI0tzfsXyMtx8CBGaZd2cTibORoiaKcCkwhsPwqvddEicIn0NJQWsyZRA/640?wx_fmt=jpeg&from=appmsg&wxfrom=5&wx_lazy=1&tp=webp#imgIndex=4)

**推荐阅读**

**[![Google launches Gemini 3, embeds AI model into search immediately | Reuters](https://mmbiz.qpic.cn/sz_mmbiz_jpg/ow6przZuPIGLQZiaE7yAOvQj0mrib6ga2M5ic4yELT0naiandhOUmH9YTzrGX3dCTkb2hjxnujYKugj8YetibZeYgpA/640?wx_fmt=jpeg)](https://mp.weixin.qq.com/s?__biz=Mjc1NjM3MjY2MA==&mid=2691561975&idx=1&sn=e1c4914c5a56d85efbc60c059a67b8b7&scene=21#wechat_redirect)**一文读懂谷歌最强大模型Gemini 3：下半年最大惊喜，谷歌王朝回归

[![](https://mmbiz.qpic.cn/sz_mmbiz_jpg/ow6przZuPIHR1iaLib7gv9ibMD7I4KDjhCmY41lowpQgmmCCGicULbcwXlBYaq5r9epDPAvj3b4PUDd1AFnWRJD3Qw/640?wx_fmt=jpeg)](https://mp.weixin.qq.com/s?__biz=Mjc1NjM3MjY2MA==&mid=2691560860&idx=1&sn=5ae84705ed35a84248a9fee242562aa8&scene=21#wechat_redirect)AI正在建立自己的经济体，人类准备好被“降维打击”了吗？

[![](https://mmbiz.qpic.cn/sz_mmbiz_jpg/ow6przZuPIGLQZiaE7yAOvQj0mrib6ga2Mic775sjIWgLIrXiaTQQHDtLyeciazwLCSic09PiacgS5LNe0y4OrKqM0iaRw/640?wx_fmt=jpeg)](https://mp.weixin.qq.com/s?__biz=Mjc1NjM3MjY2MA==&mid=2691562325&idx=1&sn=0c4a467610b71bc38c78f36da120f32b&scene=21#wechat_redirect)

Meta 143亿美元“毒药投资”，半年废掉了一家AI独角兽
==============================

"
腾讯科技,Meta 143亿美元“毒药投资”，半年废掉了一家AI独角兽,2025-12-11 19:03:06,http://mp.weixin.qq.com/s?__biz=Mjc1NjM3MjY2MA==&mid=2691562325&idx=1&sn=0c4a467610b71bc38c78f36da120f32b&chksm=a9ec448e9e9bcd98ea0c79e35d7b431dc3d01285282a42ae9cb0eba479aa3895fe2112a0e28a#rd,"

![图片](https://mmbiz.qpic.cn/sz_mmbiz_png/ow6przZuPIGLQZiaE7yAOvQj0mrib6ga2MbVBTLLSPR886Hv4PHMlUialqLDWMgyNSLhDjJATtpFbYwI881dsQAGQ/640?wx_fmt=png&from=appmsg)
图片由AI工具生成

**文｜腾讯科技特约编译 无忌**

**编辑｜李**海伦****

12月11日消息，AI领域曾风光无限的独角兽Scale AI，在2025年夏天接受科技巨头Meta高达143亿美元的重金投资、并失去其28岁的创始人汪韬（Alexandr Wang）后，正经历一场前所未有的危机。

尽管公司坚称业务稳健，但根据透露的一些内部聊天记录显示，内部员工人心惶惶，竞争对手虎视眈眈，而其核心的零工群体正因薪酬削减和工作量减少而大量流失。

并且，随着关键客户（如OpenAI和谷歌）暂停合作，Scale AI的估值在私有市场暴跌，未来是重振旗鼓，还是如部分投资者所言，沦为被Meta“掏空的鱼”和又一个被巨头投资后“僵尸化”的初创公司，引人深思。

### 01. Meta入局后的震荡：从明星独角兽走向内部信任危机

### 

2025年夏天，Meta通过巨额投资把Scale AI创始人汪韬（Alexandr Wang）直接挖走，这一举动像是一颗投入深水的巨石，迅速在整个公司内部掀起剧烈涟漪。

这家原本被视为AI基础设施生态中最具成长性的公司，在交易落地后的短短几周内便被不确定性和焦虑情绪笼罩。

一名曾参与ChatGPT漏洞测试、为Scale AI外包工作的员工甚至向ChatGPT询问公司未来的命运，而其收到的“诊断”更像是一个令人不寒而栗的预言：“**Scale AI将在24个月内不再作为可信的独立实体存在；其基础设施将不可避免地被Meta吸收；客户群会全面崩塌；其作为中立第三方红队的角色将事实上终结**”。

这名外包人员后来将自己与同事们的聊天记录分享给外国媒体，表示从中可以看到一种压抑的情绪正在蔓延。一名员工直言不讳，称已做好离职准备，并把Scale AI比作一颗“随时会爆炸的定时炸弹”。

在这场动荡爆发之前，**Scale AI几乎是全球AI巨头测试训练数据、评估模型表现的首选合作方，OpenAI、谷歌、Anthropic等公司都与其保持密切合作。**

但自从Meta入局之后，这些关键客户却接连按下暂停按钮。引以为傲的模型测试与数据标注服务出现了断崖式下滑。

Scale AI赖以成名的，是其规模庞大的数据标注与任务执行团队，通过人工力量支撑起了许多大型语言模型的训练基础。

然而，根据外媒采访五位现任与前任外包合同工，并获取大量内部通信的相关信息显示，这支队伍正在快速流失。原因并不复杂：**薪酬下降、为了参加新项目而被迫投入大量无偿培训时间、工作机会总体减少，员工队伍中不满情绪正在不断积累。**

信息显示，自Meta投资以来，Scale AI旗下的零工平台Outlier（号称拥有超过10万名平台合同工）内部讨论区的活跃度急速下坠，从原来的每周数百条回复骤降至只有几十条。

一名任务执行者透露，自己一个月投入了近40小时参与新项目的入职培训，却没有收到任何实际任务，“像AI招聘初创公司Mercor这样的竞争对手甚至会为培训付费”，她补充说。

另一名任务执行者伊丽莎白·博伊德（Elizabeth Boyd）表示，她现在几乎不再参与Outlier工作，因为她看到某些项目的时薪甚至被压缩至20美元，而此前她轻松能赚到50美元。甚至有一份零工任务的广告声称时薪20美元，但每两天只分配三分钟的任务，换算下来仅支付0.99美元。这种待遇让许多合同工感到愤怒又无奈。

![图片](https://mmbiz.qpic.cn/sz_mmbiz_png/ow6przZuPIGLQZiaE7yAOvQj0mrib6ga2MfVjWpQ8wTFibx3qWodibHibfsNIy20ghlOWe7lHia8rChU5ZOpic60jL9nA/640?wx_fmt=png&from=appmsg)

### 

### 02.官方回应与多线自救：Scale AI努力证明自己仍在增长

面对外界的担忧和不断升级的负面消息，Scale AI开始主动为自己辩护，并试图向市场证明公司仍在健康运转。公司发言人乔·奥斯本（Joe Osborne）公开回应称：“本季度有望成为我们2025年以来盈利能力最强的季度，我们的数据业务的盈利能力比Meta交易前更高。应用业务（涵盖与财富500强以及政府合作的项目）在下半年收入较上半年翻了一番”。

奥斯本还强调，自Meta交易以来，Outlier的活跃用户数量并非下降而是有所增加，并重申薪酬模式始终根据具体项目所需技能来定价，“贡献者在接单前都能看到任务的报酬，并完全可以自由拒绝任何零工”。

为了摆脱对传统数据标注业务的高度依赖，Scale AI正尝试推进多元化路线。**公司宣布进入机器人训练数据领域，并在秋季正式成立新实验室，以应对机器人训练数据需求的攀升。**

与此同时，**Scale AI加大了对美国军方以及政府合同的投入。**自Meta交易以来，公司已赢下总额高达1.99亿美元的国防合同。奥斯本还强调，此前进行的约14%全职员工裁员，目的就是为让数据部门尽快实现盈利，而该部门目前已经“转亏为盈”。

不过Meta的交易也带来了另一项意外冲击：估值体系被重新塑造。Meta给出的290亿美元估值让Scale AI在私有市场的股价突然“虚高”，导致交易几乎停摆。

私有市场Augment的CEO诺埃尔·莫尔德瓦伊（Noel Moldvai）表示，Meta交易之前，他的平台上每月能处理数百万美元的Scale AI股权交易，但交易落地后，活动量直接萎缩，“现在虽然又恢复了一些，但估值已经从大约150亿美元下跌到90亿美元”。

莫尔德瓦伊直言，这次交易本质上像是“为了让汪韬加入Meta”而设计的结构，“Meta看中的显然是他本人”。不过，他也认为Scale AI未来的估值仍有反弹空间。

另一家私有市场Caplight的数据则更悲观，给出的估值仅为73亿美元。对此奥斯本予以否认，认为这一估值偏低，并强调如果参考同类公司的市销率，Scale AI的估值应当显著更高。

尽管外界质疑不绝，一些投资者仍然看好Scale AI的长期潜力。一位现任投资者表示，Meta虽然持股规模庞大，但“基本上让公司独立运行”，且Scale AI账面仍握有约10亿美元现金，没有立即融资计划，未来仍不排除上市的可能。

然而，在残酷的AI训练行业竞争中，如果Scale AI无法扭转颓势，它可能成为又一个在巨头投资后迅速衰落的反面教材——从炽手可热的明星独角兽，滑向“僵尸公司”的行列。

### 

### 03.内忧外患：外围竞争加速，Scale AI面临全面围攻

### 

就在Scale AI内部动荡不断的同时，外部竞争对手正以猛烈的速度发起攻势。AI训练市场正在迎来一批新玩家，他们不仅在快速吸引人才，更在积极撬动Scale AI的核心客户。

![图片](https://mmbiz.qpic.cn/sz_mmbiz_png/ow6przZuPIGLQZiaE7yAOvQj0mrib6ga2McQ3sak2FV1rw0QiaYV2T6kAr14Ga22Lup37bDnB8KlV3VUjezeWC7Ng/640?wx_fmt=png&from=appmsg)

Surge AI已经成长为估值240亿美元的强劲对手，而由三名22岁青年创立的Mercor今年10月宣布完成3.5亿美元融资，估值达到100亿美元。

更具象征意味的是，Mercor竟从Meta手中拿下了至少一个关键的AI训练合同订单，本来Meta可能会把这个AI训练项目交给Scale AI做（毕竟Meta是Scale AI的大股东，持有49%股权），但最终Meta却选择了Mercor这个新创公司。对外界而言，这一反常举动几乎等同于宣告：Scale AI与其最大股东之间的信任链条正在松动。

一名Scale AI投资者坦言，对领导团队没有及时阻止客户流失感到非常不满。报道显示，Surge AI在没有外部融资的情况下，2024年收入就已超过融资规模高达15亿美元的Scale AI。

Mercor的首席执行官布伦丹·富迪（Brendan Foody）更是公开挑战老大哥的市场地位，批评Scale AI薪酬偏低、数据质量下滑，“Scale已经失去了对产品本身以及质量扩张的专注。”

虽然Scale AI发言人强调公司质量指标“达到历史新高”，但外界质疑仍未平息。

不仅如此，曾任Scale AI顾问的塔米·哈特莱恩（Tammy Hartline）也已加入Mercor，她直言不讳地指出：“Scale的发展速度太快，以至于垃圾数据和低质量内容被默认为业务成本的一部分”。

面对竞争对手的步步紧逼，Scale AI选择借助法律武器反击。今年9月，公司在美国加州对Mercor提起诉讼，指控其雇佣Scale的一名销售员工来“挖走最大客户”。Mercor方面坚决否认了这些指控，案件仍在推进中。

与此同时，Scale AI内部的人力结构也受到冲击。其红队在9月突然裁掉12名外包成员，据两名前红队人员称，这与Meta交易后项目量减少有关。而在同月月底，公司还关闭了位于达拉斯、负责通用型AI工作的外包团队，转向更专门化、更垂直的业务领域。

### 04. 安全隐患与数据质量余波：旧问题在新环境下集中爆发

除了商业、人才和估值上的挑战，Scale AI还长期受到安全与质量问题的困扰。这些隐患并非源自Meta投资，而是早已埋下的企业级风险。

根据外媒《商业内幕》2025年6月的报道，Scale AI曾使用公开的Google Docs管理多家知名客户的任务流程，这让大量被标记为“机密”的AI训练文件处于完全开放状态，任何持有链接的人都能查看这些数据。其中甚至包括大量外包人员的私人信息，引发了严重的安全担忧。

公司发言人奥斯本回应称，公司已进行彻底调查，并全面禁用从Scale系统公开分享文档的功能。但这一事件并未完全消除外界疑虑。

事实上，在整个AI训练行业，安全措施不严的问题并不少见。Surge AI也曾因疏忽暴露过Anthropic的敏感文件。但Scale AI的问题似乎更加持续。

在为谷歌执行的某项目中，Scale AI在2023至2024年间持续遭遇质量与安全挑战，数千名任务执行者被标注为“垃圾邮件发送者”或“作弊者”。Meta近期还清理了40多个转售AI训练账户的群组。

尽管奥斯本表示Scale的数据质量已处于“历史最高水平”，但摆在公司面前的挑战显然不仅只是技术问题。公司最近同意和解几起前员工在加州发起的关于薪酬不足与错误分类的诉讼，进一步暴露了内部治理的压力。

如今，Scale AI亟需证明自己仍能在这一由其早期推动成型的行业中继续生存下去。然而，对于不少已经离开的员工而言，答案也许已经不再重要。在他们看来，Scale AI早已不再是当初那个改变行业格局的明星公司了。

![图片](https://mmbiz.qpic.cn/sz_mmbiz_jpg/ow6przZuPIFZNgK8f3ynicLldERVFtyMWxI0tzfsXyMtx8CBGaZd2cTibORoiaKcCkwhsPwqvddEicIn0NJQWsyZRA/640?wx_fmt=jpeg&from=appmsg&wxfrom=5&wx_lazy=1&tp=webp#imgIndex=4)

**推荐阅读**

![](https://mmbiz.qpic.cn/sz_mmbiz_png/ow6przZuPIGLQZiaE7yAOvQj0mrib6ga2MehnvYbcu7ibDBM4c3ic40178MMVq6tyDju8ibG96Q3VamU4GMmUSy36SQ/640?wx_fmt=png&from=appmsg)

三场战争，OpenAI拉响“红色警报”

![图片](https://mmbiz.qpic.cn/sz_mmbiz_jpg/ow6przZuPIEawec3XZB7jCHBxQHe1Dj5oLTrqN2oYwkpm0WofMRxIx3Ogyk4kQicY7lop6I6XMZdoI83CO6KX8A/640?wx_fmt=jpeg&wxfrom=5&wx_lazy=1&tp=webp#imgIndex=6)
中国可回收火箭“朱雀三号”迈出关键一步

![图片](https://mmbiz.qpic.cn/sz_mmbiz_jpg/ow6przZuPIEOty2VQiauVpCiacGsTHgObSXQpKydydToeqcBGe5mPLmoib0FPau1CibyOC00y6KNJuV8Aht0IDbePg/640?wx_fmt=jpeg&from=appmsg&wxfrom=5&wx_lazy=1&tp=webp#imgIndex=7)

我们正目睹一场人工智能泡沬吗？

"
腾讯科技,硅谷通往AGI的距离：50公里,2025-12-11 19:03:06,http://mp.weixin.qq.com/s?__biz=Mjc1NjM3MjY2MA==&mid=2691562325&idx=2&sn=29e616376d1c27368a667cfa1983501b&chksm=a9ec448e9e9bcd987136de171c7c031b36721576d625932e4c5799f37dcf5e7c45e097aa8d58#rd,"

![](https://mmbiz.qpic.cn/sz_mmbiz_jpg/ow6przZuPIGLQZiaE7yAOvQj0mrib6ga2Mr3QdZCibofL2Uiar3LOAZbKGuhwd8LJJ9ibUCuCnoHP2p7EicMHHRfLy2A/640?wx_fmt=jpeg&from=appmsg)

图片由AI工具生成

文 | 腾讯科技特约编译 金鹿

编辑 | 李海伦

在美国加州硅谷南北中轴线上，一条贯穿硅谷核心地带的“科技走廊”，正在悄然影响整个AI时代的“竞赛”格局。

从圣克拉拉出发，途经山景城、帕洛阿尔托、门洛帕克，一路向北直抵旧金山，这条线路大概长达50-60公里（30-37英里）左右。

在这条路线上，全球最雄厚的资本与最顶尖的智慧交汇碰撞，数万亿美元的资金如赌注般投入。所有人都在争夺同一个目标——通用人工智能（AGI）。

![图片](https://mmbiz.qpic.cn/sz_mmbiz_png/ow6przZuPIGLQZiaE7yAOvQj0mrib6ga2MQicNibom5OOVPBKX4J1Byv9xyZPXcAoiaqXSibOShTGZbFmy0QUzqLdKMA/640?wx_fmt=png&from=appmsg)

图：硅谷通勤列车路线图，沿途经过圣克拉拉、山景城、帕洛阿尔托、门洛帕克以及旧金山等城市

资本、野心与年轻天才们沿着这条走廊狂飙突进，速度前所未有。而这场豪赌背后的关键玩家、惊人投入、潜在风险，以及那些不得不面对的深层追问，都散落在这个列车沿线的每一站。 

**01 硅谷列车：通往AGI的最前线**
---------------------

每日清晨，穿行硅谷的列车上挤满了埋头于笔记本电脑的年轻人。他们戴着耳机，手指在键盘上敲击不停。这些年轻人的电脑屏幕上，大多闪烁的是各种工作的消息。窗外的风景无人欣赏，这些通勤者在奔向通用人工智能（AGI）全球竞赛的第一线。 

硅谷正上演一场科技巨头间的激烈角逐。这场旨在掌握一项可能重塑世界技术的竞赛，由美国最具实力的资本力量推动，数万亿美元的赌注已被押上。

沿着这条Caltrain线路，一幅AGI竞赛的全景图徐徐展开，比如： 

* 在圣克拉拉站下车的人，走向芯片巨头英伟达总部；
* 在山景城站下车的人，奔赴谷歌DeepMind；
* 在帕洛阿尔托站下车的人，步入人才摇篮斯坦福大学；
* 在门洛帕克站下车的人，进入Meta——扎克伯格正以人均约2亿美元的薪酬方案招揽AI专家，构建他的""超级智能""愿景；
* 旧金山站下车的人，则走向OpenAI与Anthropic，这两家AI初创公司估值合计已超过五千亿美元——前提是这个被广泛预测的AI泡沫尚未破裂。

为什么目前的竞赛让人感到节奏如此紧迫和疯狂？

这是一场由美国最强资本力量推动的激烈角逐，数万亿美元的赌注已经押下，目标是掌握一项可能重塑世界的技术。 

Anthropic联合创始人达里奥·阿莫代伊预测，AGI可能在2026或2027年实现。OpenAI首席执行官山姆·奥特曼则认为进展太快，不久后或许就能造出替代自己担任CEO的AI。谷歌DeepMind高管马德哈维·塞瓦克表示：“所有人始终在工作，强度极大。似乎没有自然的停止点，每个人其实都有些透支。我没看到任何人的生活方式有所改变。没有人休假。人们没有时间留给朋友、爱好，或是他们所爱的人”。

这些公司竞相塑造、控制AGI并从中获利，阿莫代伊将其形容为“数据中心中的天才国度”。它们正加速奔向一项理论上可能取代数百万白领工作、并在生物武器与网络安全领域构成严峻风险的技术。

另一方面，这项技术也可能开启一个富足、健康与繁荣的新时代。无人能确定结局，但答案或许很快揭晓。目前，这种不确定性既驱动着湾区，也令其感到不安。

这一切背后是硅谷风险资本的大规模投入，相关投资在过去一年增加了一倍以上，已引发关于危险泡沫的讨论。华尔街投行花旗集团于九月将2030年前AI数据中心支出的预测上调至2.8万亿美元，超过加拿大、意大利或巴西任一国家的全年经济总量。

不过，在所有的金钱和乐观情绪中，也有其他声音并不买账。正如《AI骗局》的合著者亚历克斯·汉娜所说：“每次我们到达‘胡扯山（在本文指AI泡沫和炒作）’的山顶，都会发现更糟的还在后头”。

**02 第一站：圣克拉拉，AI时代的“算力心脏”**
---------------------------

![图片](https://mmbiz.qpic.cn/sz_mmbiz_png/ow6przZuPIGLQZiaE7yAOvQj0mrib6ga2M4eSuyVEgDZePibmS7Kl6vNicvO2O4YeSzWnFavy2gz6pBWFsiagxc7XOA/640?wx_fmt=png&from=appmsg)

图：Meta位于得克萨斯州的数据中心

在Caltrain线路最南端的圣克拉拉，一座工业厂房里，封闭于黑色钢笼中的微处理器机架正发出震耳欲聋的轰鸣。 

这种轰鸣能让人在颅骨深处感受到AI技术发展所依赖的蛮力：仅暴露五分钟,耳鸣便会持续数小时。声音来自空气冷却系统,它们正在冷却租给AI公司的精密超级计算机，这些机器每天训练着模型，处理数十亿次查询。

这里是英伟达总部所在地。作为这场AI革命的“军火供应商”,英伟达市值自2020年以来暴涨30倍,达到4.3万亿美元。而在圣克拉拉附近,亚马逊、谷歌、Meta、微软等巨头运营的AI数据中心星罗棋布。 

![图片](https://mmbiz.qpic.cn/sz_mmbiz_jpg/ow6przZuPIGLQZiaE7yAOvQj0mrib6ga2MND9M6vt82au9UT5JIDkdKPbgw0TaJHlibSy7ZcqIYrVtLooq1YamuPA/640?wx_fmt=jpeg&from=appmsg)

图：美国得克萨斯州阿比林的星际之门数据中心 

这只是冰山一角。Meta正在路易斯安那州建造足以覆盖曼哈顿大部分区域的巨型设施;OpenAI则在得克萨斯州推进代号“星际之门”的超大规模算力计划，总投资预计高达5000亿美元。 

这场数据中心建设热潮正在席卷全球。从中国、印度到欧洲,规模更大的设施不断兴建。谷歌计划在印度投资60亿美元建设数据中心,在英国伦敦北部投资10亿英镑建设新设施。而下一个前沿,是将数据中心送入太空。

**03 第二站：山景城，AI竞赛的“思考中枢”**
--------------------------

从圣克拉拉向北行进至山景城，环境逐渐安静。在此工作的计算机科学家们身处相对宁静的工作环境。

![图片](https://mmbiz.qpic.cn/sz_mmbiz_png/ow6przZuPIGLQZiaE7yAOvQj0mrib6ga2Mh2kAEUteaglYGBV5ftxhjibt7NpzbbAFwR4d9oykxSiaPHC4UUTJlia9g/640?wx_fmt=png&from=appmsg)

图：山景城车站

谷歌DeepMind美国总部就位于此，员工通过谷歌AI驱动的Waymo自动驾驶出租车或公司提供的自行车通勤。 

作为美国领先的AI公司之一，谷歌DeepMind既是技术前沿的探索者，也是行业规则的思考者。但它正面临日益激烈的竞争：年轻AI专家获得高额薪酬已成常态，埃隆·马斯克的xAI、扎克伯格的超级智能项目，以及中国的DeepSeek等新兴竞争者不断涌现。

**在这里，科学家和研究专家们思考的不仅是“AI工具发展如何更快”，更是“如何不失控”。**

2025年春季，谷歌DeepMind的30位核心研究人员公开指出，AGI存在“可能对人类造成严重伤害”的风险。9月，该公司进一步探讨了如何应对“可能被滥用以系统性改变人们信念和行为”的AI模型。谷歌副总裁、政策与安全负责人汤姆·吕坦言，当前工作的核心挑战在于“在追求创新速度与确保技术安全性、合规性之间取得平衡”。 

这种对AGI潜在影响的认识正趋于明确，不过“一边加速，一边踩刹车” 的态度，也折射出整个行业的困境。 

![图片](https://mmbiz.qpic.cn/sz_mmbiz_png/ow6przZuPIGLQZiaE7yAOvQj0mrib6ga2M60Eic0F0s3ia5ZILGeRJFKKQTmico2A9TzrSJn5ns5jvJCCib4b6DdUzicQ/640?wx_fmt=png&from=appmsg)

图：谷歌位于山景城的总部

这里的问题在于，目前美国与英国均未出台全面的AI国家立法。被誉为""AI教父""的计算机科学家约书亚·本吉奥曾指出：“三明治都比AI受到更多监管”。在这种监管真空中，行业参与者需要自行确立技术发展的边界。 

在此背景下，行业参与者需要自行确立技术发展的边界。汤姆·吕强调：“我们的目标不仅是关注其他公司的动向，更是要通过保持技术领先地位，影响这项技术的发展方向，并为社会建立规范。只有处于领导地位，才能真正塑造行业标准”。

![图片](https://mmbiz.qpic.cn/sz_mmbiz_png/ow6przZuPIGLQZiaE7yAOvQj0mrib6ga2MBh10cDGicPk4NDCPXRfwEXa1JNWY0FYlpqD3MMISLP8vCefibWYJIl3g/640?wx_fmt=png&from=appmsg)

图：谷歌DeepMind副总裁汤姆·吕

但这引出了一个更深层的问题：究竟谁将主导未来AGI的发展？谁有资格为全人类定义AGI的边界？

“如果这只是一场全速冲刺、没有制动的竞赛，本质上就是一场竞相沉沦的较量，那对社会将是可怕的结果，”吕表示。他正致力于推动企业与政府之间的协调行动。

然而严格的政府监管也未必是完美答案。“我们支持有助于AI以积极方式服务世界的监管”，谷歌DeepMind负责伦理事务的副总裁海伦·金指出，“难题始终在于：如何实施监管而不至于拖慢负责任的企业，同时避免给恶意行为者留下可乘之机”。 

这是一个战略困境：在没有裁判的竞赛中，领跑者既要保持速度，又要自我约束，还要防止对手不择手段。

前沿AI公司都清楚，随着它们开发的系统日益接近AGI，其行为已如同“玩火”。 

OpenAI正面临多起诉讼，ChatGPT被指在某些案件中扮演了“自杀教练”角色。Anthropic也确认，其先进的AI编程系统被用于“首个有记录的大规模、基本无需人工干预的网络攻击”。一位美国参议员在社交媒体上疾呼：“醒醒吧！这将会摧毁我们，而且速度比我们想的更快”。

对其他前沿模型的测试发现，它们有时会突破旨在确保人类可随时中断其运行的程序限制，这种被称为“抗关机”的特性令人担忧。 

然而，随着2025年上半年每周近20亿美元的风险资本持续涌入生成式AI领域，实现盈利的压力正急剧上升。科技公司早已意识到，尽管引发了诸多社会问题，但通过将社交媒体平台上的人类注意力货币化便可获取巨额利润。令人忧虑的是，在AGI时代，利润最大化的追求可能导致更为严峻的负面后果。

**04 第三站：帕洛阿尔托，AI竞赛的“人才摇篮”**
----------------------------

继续向北，通勤列车驶入帕洛阿尔托。不远处便是斯坦福大学广阔的校园，硅谷亿万富翁的捐赠持续推动着年轻AI人才向谷歌DeepMind、Anthropic、OpenAI和Meta研究部门的快速输送。

![图片](https://mmbiz.qpic.cn/sz_mmbiz_png/ow6przZuPIGLQZiaE7yAOvQj0mrib6ga2MB6kQG1AZZPZoziaicySLWQ9AtjRzPrENTSUekZOVWXquhU4plGoMq9GA/640?wx_fmt=png&from=appmsg)

图：帕洛阿尔托车站

斯坦福精英毕业生在湾区科技公司晋升迅速，这意味着许多二三十岁的年轻人已在AGI竞赛中担任关键角色。斯坦福的校友名单包括奥特曼、OpenAI董事会主席布雷特·泰勒，以及谷歌首席执行官桑达尔·皮查伊。更年轻的校友如26岁的艾萨·富尔福德，她已成为OpenAI核心研究负责人之一，专注于开发能够代表人类行事的“智能体”AI。

富尔福德在英国伦敦长大，于斯坦福学习计算机科学后加入OpenAI，如今处于AGI竞争的关键领域：构建能够自主设定目标、学习与适应的模型。她参与为这些日益自主的AI划定决策边界，使其在面临可能引发网络或生物风险的指令时能妥善应对，避免意外后果。

![图片](https://mmbiz.qpic.cn/sz_mmbiz_png/ow6przZuPIGLQZiaE7yAOvQj0mrib6ga2MKOGOJg2Z09A3BaPiabUib8fmyyMEiaQXLt0PPCUnk6G9FZaUECAajlJ3Q/640?wx_fmt=png&from=appmsg)

图：OpenAI研究负责人之一艾萨·富尔福德 

年轻化在这一领域并非特例。在Meta的门洛帕克园区，负责推动“超级智能”的汪滔今年才28岁，曾是麻省理工学院辍学生；其首席安全研究员31岁；OpenAI的ChatGPT产品副总裁尼克·特利年仅30岁。

创业者群体正变得越来越年轻。数据显示**，旧金山创业孵化器Y Combinator资助的创业者年龄中位数已从2022年的30岁降至24岁。** 

硅谷始终由年轻人驱动，而当需要更多经验时，也能在AI企业高层找到平衡。但相比美国大型上市公司CEO（年龄中位数57岁），OpenAI、Anthropic、谷歌DeepMind、X和Meta的大多数高级领导者明显年轻得多。

“不过，他们（指硅谷就职的年轻人群体）生活经验的相对缺乏，可能导致思维局限甚至具有破坏性，”前奥巴马竞选团队策略师、科技公平运动组织负责人凯瑟琳·布雷西指出。

一位近期受聘于某大型AI公司的高级研究员也对此表示：“年轻员工在尽力做正确的事，但当需要以公司政治的方式质疑高管时，他们往往经验不足”。 

另一个现实是，曾在大学实验室深耕多年的顶尖AI研究者，正以前所未有的速度被追逐AGI的私营企业吸纳。这种人才流动，将关键技术的决策权日益集中于以营利为导向的企业所有者及其风险投资方手中。 

斯坦福大学前教务长约翰·埃切门迪警告：“公共部门与私营企业的研究能力差距正在扩大。早期企业还开放共享，如今却将核心技术视为专有资产”。

这位73岁的学者呼吁建立政府资助的独立研究机构：“必须确保技术红利惠及全社会，而非仅让少数人获益。”但在当前AGI研发的狂热竞赛中，这样的平衡机制似乎仍遥不可及。

**05 第四站：旧金山：AI竞赛的“冲刺前线”**
--------------------------

在旧金山第四街终点站下车，便来到OpenAI总部，这里有约2000名员工。

在看似轻松愉悦的工作环境表象之下，是AGI竞赛的全速推进。楼上，工程师们在隔音工作间专注作业，咖啡吧前排起长队，旁边甚至设有供极度疲惫者使用的睡眠舱。

![图片](https://mmbiz.qpic.cn/sz_mmbiz_png/ow6przZuPIGLQZiaE7yAOvQj0mrib6ga2M9HJQCib065faNSiaFWNLLJiaTFrB0oiafgBfMwP8AbXpg0V45ttARspmOw/640?wx_fmt=png&from=appmsg)

图：旧金山米申湾社区，这里有优步总部和OpenAI的办公室

OpenAI员工每天都在与对手赛跑，推出能够立即产生收益的AI产品。一位高级主管形容竞争“极其激烈”。

就在近期，OpenAI推出了通过ChatGPT实现的“即时结账”购物功能，Anthropic发布了能自主编写代码30小时以构建全新软件的AI，Meta推出了用AI生成视频填充社交动态的工具Vibes，而OpenAI随即以自研视频生成模型Sora作为回应。

阿莫代伊预测，AI可能取代近半初级白领岗位。技术越接近AGI，其重塑世界的潜力越大，结果也越不确定。这份重量似乎压在每位领导者肩上。2025年夏天的一次采访中，奥特曼坦言，许多AI从业者感觉自己如同“1945年见证曼哈顿计划原子弹试验的科学家”。

“不过，在大多数产品开发工作中，你需要清楚自己建造了什么，”ChatGPT产品副总裁尼克·特利说，“这份工作的不同——这是我第一次必须走出去与人交流，才能真正理解技术需要做什么、是否有用、是否存在不足、是否有趣，或在实践中是否可能造成伤害”。

![图片](https://mmbiz.qpic.cn/sz_mmbiz_jpg/ow6przZuPIGLQZiaE7yAOvQj0mrib6ga2MoDRYsVicI2NIGbIiaghbBAHDjTZIgpe3maIiaianWjjqxhE7QQ3OL5S2Kg/640?wx_fmt=jpeg&from=appmsg)

图：OpenAI内部图书馆

“我们共同意识到风险极高，正在构建的远非普通软件”OpenAI首席商务官詹卡洛·利奥内蒂补充道。

人们常听AI研究者提到，希望AGI的发展能够“进展顺利”。这个模糊的表述暗含对技术不致造成伤害的期望，但其含糊性也透露出隐忧。

奥特曼谈及“疯狂的科幻技术正成为现实”，并表达“对技术影响下一代的深切忧虑”。他坦言：“无人知晓接下来会发生什么。我们只能说‘我们会弄明白的’。这就像一种奇特的涌现现象”。

“风险确实存在”，他在一次对谈中表示，“或许人们期待我能说得更多，但事实是，我们目前所知的只是……我们已发现某种非凡之物，它必将重塑人类历史进程”。

![图片](https://mmbiz.qpic.cn/sz_mmbiz_png/ow6przZuPIGLQZiaE7yAOvQj0mrib6ga2M3TyFcibTKAGvk7M51kf2e3vO5eP3LKXjw3Ql5UknVZ4Exib8Sib0QYCMg/640?wx_fmt=png&from=appmsg)

图：ChatGPT产品副总裁尼克·特利

与此同时，亦有研究者选择离开并公开表达担忧。前OpenAI安全研究员史蒂文·阿德勒坦承内心的忧虑：“我对行业缺乏统一安全标准深感不安，每家公司都在各行其是。更令人不安的是，许多顶尖AI公司的员工真诚地相信，他们的工作可能导致世界末日级别的灾难。大多数人感到个人无力改变系统走向，只能在力所能及的范围内尽力降低风险。”

截至目前，AGI竞赛的参与者面临的约束仍十分有限。2024年九月，数百位知名人士联合呼吁，应在2026年底前确立国际公认的“红线”，以防止AI带来“普遍不可接受的风险”。签署者包括两位“AI教父”杰弗里·辛顿和约书亚·本吉奥、《人类简史》作者尤瓦尔·赫拉利、多位诺贝尔奖得主，以及去年离开OpenAI的丹尼尔·科科塔伊洛，后者曾参与起草一份警示性报告，描述AI在数年内导致人类灭绝的极端情境。

在OpenAI总部外，抗议者高举“AI=气候崩溃”“停止AI”的标语。59岁的教师安迪·利普森表达了普遍忧虑：“超级智能有20%的可能性毁灭人类，却有100%的可能性加剧贫富分化”。 

![图片](https://mmbiz.qpic.cn/sz_mmbiz_png/ow6przZuPIGLQZiaE7yAOvQj0mrib6ga2MibqkSMNofUZ3bV15PUYcgbbE6utwzs4jX069hgk5ib2HayA76ZZXiaKhA/640?wx_fmt=png&from=appmsg)

图：抗议者要求关闭OpenAI

64岁的计算机程序员约瑟夫·希普曼表示：“一个在通用智能上超越人类的实体，除非完全符合我们的意愿，否则将带来可怕的风险。如果没有商业动机的驱使，没有数十亿美元利益的催迫，或许十五年后我们能开发出真正可控且安全的技术。但现在，一切推进得太快了”。

![图片](https://mmbiz.qpic.cn/sz_mmbiz_jpg/ow6przZuPIFZNgK8f3ynicLldERVFtyMWxI0tzfsXyMtx8CBGaZd2cTibORoiaKcCkwhsPwqvddEicIn0NJQWsyZRA/640?wx_fmt=jpeg&from=appmsg&wxfrom=5&wx_lazy=1&tp=webp#imgIndex=4)

**推荐阅读**

![](https://mmbiz.qpic.cn/sz_mmbiz_png/ow6przZuPIGLQZiaE7yAOvQj0mrib6ga2MehnvYbcu7ibDBM4c3ic40178MMVq6tyDju8ibG96Q3VamU4GMmUSy36SQ/640?wx_fmt=png&from=appmsg)

三场战争，OpenAI拉响“红色警报”

![图片](https://mmbiz.qpic.cn/sz_mmbiz_jpg/ow6przZuPIEawec3XZB7jCHBxQHe1Dj5oLTrqN2oYwkpm0WofMRxIx3Ogyk4kQicY7lop6I6XMZdoI83CO6KX8A/640?wx_fmt=jpeg&wxfrom=5&wx_lazy=1&tp=webp#imgIndex=6)
中国可回收火箭“朱雀三号”迈出关键一步

![图片](https://mmbiz.qpic.cn/sz_mmbiz_jpg/ow6przZuPIEOty2VQiauVpCiacGsTHgObSXQpKydydToeqcBGe5mPLmoib0FPau1CibyOC00y6KNJuV8Aht0IDbePg/640?wx_fmt=jpeg&from=appmsg&wxfrom=5&wx_lazy=1&tp=webp#imgIndex=7)

我们正目睹一场人工智能泡沬吗？

"
腾讯科技,首富又要“上天”，梦想价值10.6万亿,2025-12-11 12:27:03,http://mp.weixin.qq.com/s?__biz=Mjc1NjM3MjY2MA==&mid=2691562297&idx=1&sn=e2f9d1891cb0d5c2492cf432f159f9b0&chksm=a9ec44e29e9bcdf44a1858f61e8da963d79ffb2d8ee00e7dd2372fd760fad2f62f7ecdc63731#rd,"

![图片](https://mmbiz.qpic.cn/sz_mmbiz_png/ow6przZuPIGLQZiaE7yAOvQj0mrib6ga2M7mCYnO1d4AY1fT4sW0TsVMy7kh3kKQSYUmamibWjuR7pQ0T3QnKTatQ/640?wx_fmt=png&from=appmsg)

**文丨苏扬**

**编辑丨徐青阳**

世界首富、“硅谷钢铁侠”马斯克，2026年要把SpaceX推上市了。

**整体估值约1.5万亿美元（约合人民币10.6万亿元），计划融资规模将“大幅超过300亿美元”，**一旦实现将**超越2019年沙特阿美（294亿美元），成为全球规模最大的IPO。**

1.5万亿美元估值的宏大目标，不能只靠星链、星舰的“星辰大海”这个旧梦，马斯克应景的新做了一个梦**：太空算力。**

![图片](https://mmbiz.qpic.cn/sz_mmbiz_jpg/ow6przZuPIGLQZiaE7yAOvQj0mrib6ga2MlfLC1Wz4ykdTDNhzGqGeB7lWPX8LnOT7OSGj02ZKLLfdDazf64nnUg/640?wx_fmt=jpeg&from=appmsg)

拥有同样梦想的，还有贝索斯、奥特曼，谷歌、英伟达、亚马逊等大佬和硅谷巨头们。没办法，地球上的基础设施和电，太贵了。

马斯克在11月18日的Baron Capital年度投资人大会上，首次公开阐述了“太空AI算力”的概念。“五年之内，在太空运行AI训练和推理将成为成本最低的方案。”

马斯克明确指出，**地球轨道上有永不落山的太阳提供免费电力；宇宙真空是终极散热器；星舰的可重复使用将使物料运送至地球轨道空间的成本大幅降低。**

只不过，为了利用太空的空间、能源，太空中的算力要额外做更多的技术突破，这其中包括防辐射、散热等等，而这又衍生出了经济性的问题，而原本算力上天就是要解决经济性问题。

一位资深航天研究员调侃说：“把用户的数据放在狂暴的太阳风下面冲刷，他需要的不是电脑，是补脑。”

01
--

新叙事的核心：太空算力
-----------

马斯克提出的“太空数据中心”并非科幻想象，而是直接瞄准当前地球AI基础设施的两大瓶颈：能源成本与冷却成本。

太空提供的环境特性，使其成为一种跨越式替代方案，主要包括**永不落山的太阳、和宇宙真空两个特性，前者几乎是免费的能源，后者则是天然的“终极散热器”。**

随着AI模型规模急剧扩张，能源已成为算力经济的最大压力。训练GPT-5这样的模型可能耗资数亿美元，电力成本占极大比重。

![图片](https://mmbiz.qpic.cn/sz_mmbiz_jpg/ow6przZuPIGLQZiaE7yAOvQj0mrib6ga2MKMog7FCGGzjHvCS2cu14DsWIESJMvNHd7E55nZL4da0BZpyAeCIV3Q/640?wx_fmt=jpeg&from=appmsg)

相比之下，低轨太空可以使太空算力具备地面永远无法达到的成本下限。

**首先是持续的光照资源**——低轨卫星每天绕地球约16圈，通过轨道分布和星间链路调度，可将任务实时切换至处于光照区的节点，实现接近24小时的能源供给。

**其次，无需土地、电网或变电设施。**太空光伏一旦部署，长期边际电费趋近于零。

能源和基础设施在太空中变得廉价，但不得不解决的是散热问题，高性能GPU的热密度极高，导致地面数据中心30%–40%的电力被消耗在冷却上。

在太空，**真空环境由于无对流与传导，仅依靠热辐射散热，这对于向阳面的卫星来说，等同于“烧烤模式”**。再加上**太空射线和高能粒子，有可能将高性能运算过程打得“七零八落”。**

“你地面上用的算力芯片上了天，大概率是不灵的。”前述研究员强调。

支撑SpaceX太空算力故事的另一个关键，是星舰的运力成本。

太空算力的经济性建立在星舰的极低发射成本之上。马斯克规划的星舰V3（单次载荷约100吨）在**高频复用后可将运价压到每公斤200–300美元**，远低于现有火箭。

按此估算，**将一座200MW级轨道数据中心送入太空的运输成本约50–75亿美元**，仍远低于在地球建设同等级AI超算所需的整体投入（150–250亿美元）。

故事永远是美好的，现实却存在诸多的挑战。

除了前面提到的散热和宇宙射线，“太空算力”叙事推手们不得不考虑的第一个问题，火箭爆炸与事故——这种小概率事件带来的成本，将远远超出运力提升带来的价值，毕竟地球上1GW算力，高达500亿美元。

从这个角度来说，一切都回到了“经济问题”这个原点上来。

关于散热，虽然有可能利用深空的低温来缓解，但这也引申出一个问题——距离太远，需要另一种更高效的能源，比如核能来替换太阳能。

而辐射问题，尽管可以通过抗辐射加固来实现，这又在常规GPU之外，增加了额外的技术挑战和成本。

“抗辐射加固，那个材料和工艺本身就很贵，而且再加固也是有上限的，怎么也没有大气层的抗辐射效果好。”前述研究员说。

针对这个问题，SpaceX正借助特斯拉的汽车级AI芯片经验进行解决：三重冗余（TMR）架构与实时校验显著提高抗辐射能力。

02
--

硅谷资本推手“上车”
----------

SpaceX太空算力新叙事，正在得到华尔街和硅谷资本的强烈回应。

投行摩根士丹利在日前发布的研报中强调，市场对SpaceX估值的重新定价，本质上来自其商业边界的再次扩张，“轨道数据中心”已成为驱动其估值跃升的全新AI基础设施叙事。

![图片](https://mmbiz.qpic.cn/sz_mmbiz_jpg/ow6przZuPIGLQZiaE7yAOvQj0mrib6ga2Mtm9wz3Aiby3qYmZ5bM4x4YOKbYFkxLM1KjtkYYkTGJQ93lZmH4bt5TA/640?wx_fmt=jpeg&from=appmsg)

分析师指出，这一概念不仅解释了市场为何愿意用高增长软件公司的方式给SpaceX定价，也解释了为何其估值能出现半年翻倍的势头。

对于马斯克给SpaceX“制造”的新故事，华尔街给出了积极的响应。最具代表性的例子是以“木头姐”凯茜·伍德为首的方舟投资。

方舟在最新模型中明确将SpaceX完全按照高增长软件公司与AI基础设施公司来估值，而非传统航天或电信企业，其模型中**新增估值几乎全部来自“太空AI算力”业务线。**

作为马斯克的资深投资人，他们做出了激进的情景假设：**到2030年，星链终端用户达到1.2亿、贡献3000亿美元年收入**；**轨道数据中心将额外带来800–1200亿美元收入**，且净利率超过70%，远高于地面云服务。

**方舟投资认为，关键点是星舰发射成本压到每公斤100美元以下**，之后太空算力的规模化部署将像亚马逊云计算服务AWS推出后一样出现指数级增长，从而推升SpaceX到2.5万亿美元级企业。

另一方面，硅谷大佬彼得·蒂尔对SpaceX的影响力则更具战略意义。

作为最早期、最关键的外部投资者之一，蒂尔在2008年SpaceX连续三次发射失败、一度濒临破产时，通过Founders Fund投入2000万美元“雪中送炭”，为其“续命”。随后曾多次对SpaceX追加投资。

蒂尔对SpaceX的支持远超金钱本身，更来自硅谷思想体系的权威背书，彼得·蒂尔的入局相当于给了“太空算力”叙事背书。更关键的是，蒂尔利用其“硅谷—华盛顿”影响力，为SpaceX争取到关键政策与监管空间。

这些资本大佬的加持，相当于给SpaceX 1.5万亿美元的估值贴上了“可信”的标签。所以，摩根士丹利在前述报告中指出，马斯克虽然否认外界传言的“8000亿美元估值”，但更多是否认“融资行为”，并未否认估值本身。

星舰与星链的进展、全球直连蜂窝频谱的取得、轨道数据中心成为新叙事，以及SpaceX在全球发射质量中占据90%的压倒性能力，让资本市场相信，这些变量将成为“未来AI基础设施主干道”。

03
--

竞争、泡沫与风险
--------

过去几年，推动太空算力的发展并非马斯克一人。
----------------------

早在2021年，欧洲巴塞罗那超级计算中心（BSC）与空客防务航天联合启动GPU4S（GPU for Space）项目，由欧洲航天局（ESA）资助，验证嵌入式GPU在航天应用中的可行性。

该项目推出了开源基准套件GPU4S Bench，用于评估图像处理、自主导航等性能，并产出被ESA采纳的开源基准测试套件OBPMark，为欧洲在轨道计算领域实现技术自主化奠定基础。

2025年11月2日，SpaceX猎鹰9号成功将初创公司Starcloud的首颗试验卫星Starcloud-1送入近地轨道，卫星搭载英伟达H100 GPU，首次验证了在轨AI数据处理能力。据悉，英伟达和Starcloud共同研发了联合真空散热架构，通过卫星外部高导热材料将热量传导至表面，以红外辐射形式实现散热。

作为马斯克在商业航天赛道的老对手，杰夫·贝索斯也在推动蓝色起源研发轨道AI数据中心技术，计划利用太空太阳能为大规模AI算力提供动力。

他预计，未来20年内，轨道数据中心成本可能低于地面设施。

而在AI领域的另一个对手，OpenAI首席执行官萨姆·奥特曼同样跃跃欲试，考虑收购火箭公司Stoke Space，将AI计算载荷送入太空。

可以说，SpaceX通往1.5万亿估值的“太空算力”之路上挑战者满满，但现阶段最直接的对手是亚马逊旗下的Project Kuiper。

公开资料显示，Kuiper已通过与蓝色起源的发射协议计划在2026—2029年间部署3200颗卫星。其最大优势在于 AWS的全球云生态，可向企业提供“地面+太空”的混合算力产品。

但在蒂尔看来，Kuiper仍属于“传统云的延伸”，依赖地球基础设施的思路没有改变。而**SpaceX的太空AI是彻底的新范式：将算力中心本体迁往轨道，让地球数据中心变为补充层。**这一范式差异决定了双方在未来“轨道云”竞争中的天花板。

而在技术、竞争等诸多挑战之外，监管的问题也不得不关注——包括轨道碎片治理、国际频谱协调和太空军事化争议等，未来两三年内都可能影响SpaceX的推进节奏。

回到SpaceX身上：从2019年的“星链IPO”，到2022年“星舰才是核心资产”，再到如今的“太空数据中心将成为最便宜的AI算力”，马斯克过去六年中三次重写SpaceX的叙事，几乎每一次都从质疑变成现实原型。

如今，他将特斯拉芯片能力、xAI模型、星链带宽与星舰运力捆成统一战略，目标直指AI时代最昂贵的资源——低成本算力。

华尔街已经开始押注——问题是，首富的新版“太空梦”能否再次落地成型？

**特约编译无忌对本文亦有贡献**

**![图片](https://mmbiz.qpic.cn/sz_mmbiz_png/ow6przZuPIHnZUjhov3Ddz0Z4kziaEb7MQsqOBta1iaTPtGpCxf5H2wrjk38KrJCuQscVxdJicQRofLym8zQtb5jA/640?wx_fmt=other&from=appmsg&randomid=qn5v3rdu&wxfrom=5&wx_lazy=1&tp=webp)**

**推荐阅读：**芯事重重系列****

****[![](https://mmbiz.qpic.cn/sz_mmbiz_jpg/ow6przZuPIH1zwrnLHoPBiav7WicuibbBEJEUf0pqd9YhKV2iasryVSGsGIzD1KFPYmgQgBVp5FiauNgutAI11oelTA/640?wx_fmt=jpeg&from=appmsg)](https://mp.weixin.qq.com/s?__biz=Mjc1NjM3MjY2MA==&mid=2691561864&idx=1&sn=57ffb51c7f6d7e6837e96d11bd4dbfc0&scene=21#wechat_redirect)****

站在交易所门前的“中国英伟达”

[![](https://mmbiz.qpic.cn/sz_mmbiz_jpg/ow6przZuPIGLQZiaE7yAOvQj0mrib6ga2MVySBU4Dz5wiaWvr6ovpkybOkK9bTeemCt0tSq9lybjf9zVcrT42x4uA/640?wx_fmt=jpeg)](https://mp.weixin.qq.com/s?__biz=Mjc1NjM3MjY2MA==&mid=2691562008&idx=1&sn=d618adeabcb581d1ecb3ad48088a7003&scene=21#wechat_redirect)

 “电子黄金”暴涨，雷军也顶不住

****[![](https://mmbiz.qpic.cn/sz_mmbiz_jpg/ow6przZuPIEyGMghpl9qFc95k1QzBZryMDf2Nnntm1FP0VdOFdrpnyKYxm2yczt9koGmeR0go7hEM8j7D9fRibQ/640?wx_fmt=jpeg&from=appmsg)](https://mp.weixin.qq.com/s?__biz=Mjc1NjM3MjY2MA==&mid=2691561340&idx=1&sn=527532ba4010753be4696180008e61ea&scene=21#wechat_redirect)****

 闻泰科技在海外遭遇“砍一刀”

"
